dname2019,d,total2020,ttotal2020,2010,2016,2017,2018,2020,NAME_NORM,Region,District,0-28 DAYS FEMALE,0-28 DAYS MALE,0-28 DAYS TOTAL,10-19 YEARS FEMALE,10-19 YEARS MALE,10-19YRS TOTAL,20+ YRS FEMALE,20+ YRS MALE,20+ YRS TOTAL,5-9YRS FEMALE,5-9YRS MALE,5-9YRS TOTAL,29 DAYS-4YRS FEMALE,29DAYS - 4YRS MALE,29 DAYS - 4YRS TOTAL,0-28 DAYS (B/S & RDT) FEMALE,0-28 DAYS (B/S & RDT) MALE,0-28 DAYS  (B/S & RDT) TOTAL,10-19 YRS (B/S & RDT) FEMALE,10-19 YRS (B/S & RDT) MALE,10-19 YRS  (B/S & RDT) TOTAL,20+  (B/S &RDT) FEMALE,20+ (B/S & RDT) MALE,20 + (B/S & RDT) TOTAL,29DAYS-4YRS (B/S & RDT) FEMALE,29DAYS-4YRS (B/S & RDT) MALE,29DAYS-4 YRS  (B/S & RDT) TOTAL,5-9YRS (B/S & RDT) FEMALE,5-9YRS (B/S & RDT) MALE,5-9YRS (B/S & RDT) TOTAL,TOTAL CASES CONFIRMED(B/S & RDT),0-28 DAYS FEMALE CT,0-28 DAYS MALE  CT,0-28 DAYS TOTAL CT,10-19 YRS FEMALE CT,10-19 YRS MALE  CT,10-19 YRS CT TOTAL,20 + YRS FEMALE CT,20 + YRS  MALE CT,20 + YRS CT TOTAL,29DAYS - 4YRS FEMALE CT,29 DAYS - 4YRS MALE CT,29 DAYS - 4YRS  CT TOTAL,5-9YRS FEMALE CT,5-9YRS MALE CT,5-9YRS CT TOTAL,PREG 10-19YRS,PREG 20 + YRS,TOTAL PREG,TOTAL CASES  FEMALE,TOTAL CASES  MALE,GRAND TOTAL CASES,<5YRS FEMALES TOTAL,<5YRS MALE TOTAL,< 5YRS GRAND TOTAL,AREA(Km2),TOTAL POPULATION,POPULATION DENSITY(People per km2),CORDINATES (LATITUDE ° N),CORDINATES (LONGITUDE ° E),Incidence_Rate,DIST_NORM,local_I,local_z,local_p,lisa_q,lisa_sig,G_z,G_p,G_hot,G_cold
MASAKA,Masaka,"335,700",335700.0,MASAKA,MASAKA,MASAKA,MASAKA,MASAKA,MASAKA,South Central,Masaka District,4,3,7,3153,2959,6112,4709,3350,8059,1774,1584,3358,1364,1311,2675,4,3,7,3124,2939,6063,4641,3302,7943,1339,1289,2628,1762,1572,3334,19975,4,3,7,3041,2833,5874,4541,3262,7803,1321,1263,2584,1731,1545,3276,107,303,410.0,9640,9207,18847,1368,1314,2682,855.0,111838.9019,130.8057332,0.4464,31.9018,178.60511557830307,MASAKA,0.3660124800553039,1.366298087067627,0.032,3,True,-0.6010173000531659,0.042,False,True
BUTEBO,Butebo,"121,200",121200.0,PALLISA,BUTEBO,BUTEBO,BUTEBO,BUTEBO,BUTEBO,Bukedi,Butebo District,26,30,56,5614,2509,8123,7243,2464,9707,4115,3110,7225,4952,4433,9385,26,30,56,5562,2485,8047,7107,2435,9542,4920,4414,9334,4106,3106,7212,34191,26,28,54,5287,2400,7687,6966,2417,9383,4440,4045,8485,3828,2950,6778,134,276,410.0,16998,12546,29544,4978,4463,9441,236.0,144468.885,612.1562926,1.2393,33.83,236.66687813088612,BUTEBO,0.165029371002546,0.9098217602053353,0.155,3,False,-0.3704070897538711,0.153,False,False
ALEBTONG,Alebtong,"266,100",266100.0,ALEBTONG,ALEBTONG,ALEBTONG,ALEBTONG,ALEBTONG,ALEBTONG,Lango,Alebtong District,3,5,8,7110,3851,10961,9974,3515,13489,3936,3217,7153,4529,4269,8798,2,4,6,7103,3842,10945,9932,3491,13423,4548,4271,8819,3955,3232,7187,40380,2,3,5,6967,3819,10786,9867,3455,13322,4503,4243,8746,3932,3214,7146,358,698,1056.0,21023,14857,35880,4532,4274,8806,1534.0,259635.4412,169.253873,2.2914,33.2139,155.5257626361374,ALEBTONG,-0.04213544732751691,-0.08616111624186588,0.375,2,False,0.057032121278204964,0.367,False,False
TORORO,Tororo,"597,500",597500.0,TORORO,TORORO,TORORO,TORORO,TORORO,TORORO,Bukedi,Tororo District,18,11,29,11929,7362,19291,19497,9473,28970,6395,4998,11393,8814,7682,16496,18,10,28,11354,6975,18329,18078,8802,26880,8294,7241,15535,6027,4745,10772,71544,16,23,39,11119,6761,17880,17696,8479,26175,8165,7095,15260,5940,4688,10628,452,851,1303.0,37839,29526,67365,8832,7693,16525,4504.0,2162302.077,480.0848305,0.3886,30.3436,33.08695892262235,TORORO,0.32513673735751386,0.8032362322728637,0.202,3,False,-0.32547857202061314,0.205,False,False
MOROTO,Moroto,"118,500",118500.0,MOROTO,MOROTO,MOROTO,MOROTO,MOROTO,MOROTO,Karamoja,Moroto District,19,23,42,6216,3997,10213,8824,4782,13606,4005,3320,7325,12157,11526,23683,13,20,33,5878,3805,9683,7562,4314,11876,11590,11011,22601,3823,3165,6988,51181,13,19,32,5814,3741,9555,7440,4255,11695,11458,10916,22374,3727,3109,6836,114,623,737.0,19064,23648,42712,12176,11549,23725,3533.0,103556.1503,29.31110963,2.7495,34.5971,494.2342859572292,MOROTO,-0.00036608741322629755,-0.0453618718596041,0.432,4,False,0.0007691779964987725,0.433,False,False
KAGADI,Kagadi,"430,200",430200.0,KIBAALE,KAGADI,KAGADI,KAGADI,KAGADI,KAGADI,Bunyoro,Kagadi District,7,7,14,11466,7628,19094,18912,10501,29413,6188,4697,10885,6654,5787,12441,5,6,11,10358,6922,17280,16506,9284,25790,5830,5117,10947,5588,4291,9879,63907,6,6,12,10741,7150,17891,17220,9548,26768,6006,5265,11271,5740,4426,10166,883,1660,2543.0,36573,28620,65193,6661,5794,12455,1420.0,418806.2219,294.9339591,0.95,30.8,152.59324398303548,KAGADI,0.4191917295584439,1.4814525446487123,0.02,3,True,-0.6152610564627546,0.018,False,True
KAMULI,Kamuli,"558,500",558500.0,KAMULI,KAMULI,KAMULI,KAMULI,KAMULI,KAMULI,Busoga,Kamuli District,44,33,77,47740,25528,73268,87075,40753,127828,29868,21268,51136,48360,40111,88471,24,17,41,47026,24921,71947,85083,39417,124500,47597,39469,87066,29249,20762,50011,333565,24,17,41,45761,24257,70018,82330,38405,120735,46313,38479,84792,28336,20166,48502,4216,7887,12103.0,164727,127693,292420,48404,40144,88548,1515.0,517995.9032,341.9114872,0.9187,33.1239,643.9529693948359,KAMULI,0.19489341893719178,0.5152951853742032,0.236,1,False,0.2823461090610976,0.208,False,False
BUDAKA,Budaka,"253,100",253100.0,BUDAKA,BUDAKA,BUDAKA,BUDAKA,BUDAKA,BUDAKA,Bukedi,Budaka District,5,4,9,3677,2005,5682,5864,2219,8083,2938,2103,5041,4113,3859,7972,5,3,8,3633,1946,5579,5783,2157,7940,4075,3779,7854,2873,2063,4936,26317,5,3,8,3412,1831,5243,5542,2016,7558,3875,3617,7492,2730,1959,4689,157,401,558.0,12484,10190,22674,4118,3863,7981,410.0,249235.3939,607.8912045,1.1005,34.0196,105.59094191316622,BUDAKA,0.4756006111538396,1.187674430554659,0.065,3,False,-0.5865199753056282,0.068,False,False
MARACHA,Maracha,"208,300",208300.0,MARACHA,MARACHA,MARACHA,MARACHA,MARACHA,MARACHA,West Nile,Maracha District,28,17,45,30315,15863,46178,30562,10089,40651,17158,12379,29537,15626,14209,29835,29,18,47,30007,15673,45680,29659,9557,39216,15444,13939,29383,16999,12273,29272,143598,28,17,45,29525,15255,44780,29130,9455,38585,15039,13555,28594,16669,12017,28686,1326,2759,4085.0,78063,52557,130620,15654,14226,29880,440.0,213920.0348,486.1818973,3.2873,30.9403,671.2695243073138,MARACHA,0.5130146327362419,0.9262314318648,0.138,1,False,0.663313252378757,0.123,False,False
BUIKWE,Buikwe,"474,100",474100.0,BUIKWE,BUIKWE,BUIKWE,BUIKWE,BUIKWE,BUIKWE,North Central,Buikwe District,36,17,53,19721,14068,33789,35432,22776,58208,13176,10681,23857,17396,15839,33235,30,14,44,17854,12927,30781,29228,20438,49666,15833,14447,30280,12341,10131,22472,133243,30,14,44,17138,12400,29538,28042,20107,48149,15191,13878,29069,11792,9706,21498,698,1878,2576.0,68365,63381,131746,17432,15856,33288,1270.0,478765.9383,376.9810538,0.2827,0.0,278.30509512251155,BUIKWE,-0.040806412697126676,-0.21933432493956714,0.326,2,False,0.1205415834468825,0.338,False,False
LUWERO,Luwero,"523,600",523600.0,LUWERO,LUWERO,LUWERO,LUWERO,LUWERO,LUWERO,North Central,Luwero District,83,59,142,30912,26298,57210,36602,24039,60641,20920,19069,39989,18300,17698,35998,37,43,80,28534,27751,56285,32307,21454,53761,16620,16056,32676,19507,17729,37236,180038,38,43,81,28661,24573,53234,32249,21673,53922,16662,16064,32726,19601,17827,37428,1347,2602,3949.0,88517,87163,175680,18383,17757,36140,2216.0,546765.7355,246.7354402,0.8271,0.0,329.27813195053443,LUWERO,0.03901559293838647,0.5023590538832622,0.349,3,False,-0.20960795454853481,0.339,False,False
MPIGI,Mpigi,"286,600",286600.0,MPIGI,MPIGI,MPIGI,MPIGI,MPIGI,MPIGI,South Central,Mpigi District,11,10,21,5337,5224,10561,9303,7353,16656,2944,2903,5847,3228,2971,6199,17,10,27,5134,5077,10211,8968,6885,15853,2958,2869,5827,2851,2836,5687,37605,9,9,18,4801,4803,9604,8384,6344,14728,2783,2689,5472,2646,2687,5333,134,641,775.0,17595,18461,36056,3239,2981,6220,1204.0,293790.5895,244.0121175,0.2274,32.3249,127.99933470980015,MPIGI,0.19185065445172297,0.6491014363392745,0.285,3,False,-0.25928569205901775,0.247,False,False
KAYUNGA,Kayunga,"407,700",407700.0,KAYUNGA,KAYUNGA,KAYUNGA,KAYUNGA,KAYUNGA,KAYUNGA,North Central,Kayunga District,75,64,139,27071,16511,43582,34106,18262,52368,17849,14689,32538,23279,21391,44670,72,60,132,26917,16441,43358,33935,17854,51789,23102,21254,44356,17715,14586,32301,171936,66,50,116,26535,16230,42765,33385,17684,51069,22745,20856,43601,17458,14405,31863,1801,3746,5547.0,79101,70917,150018,23354,21455,44809,1596.0,409214.4479,256.40003,0.7014,32.9029,420.16111816759735,KAYUNGA,-0.0001163682750522543,-0.0703404520614121,0.465,4,False,-0.0011370412042689445,0.437,False,False
KYANKWANZI,Kyankwanzi,"282,800",282800.0,KYANKWANZI,KYANKWANZI,KYANKWANZI,KYANKWANZI,KYANKWANZI,KYANKWANZI,North Central,Kyankwanzi District,14,9,23,6392,4227,10619,10067,5854,15921,4031,3182,7213,4705,4436,9141,12,8,20,5896,4043,9939,8971,5365,14336,4396,4201,8597,3844,3034,6878,39770,13,9,22,5564,3730,9294,8430,5047,13477,4042,3890,7932,3543,2780,6323,901,1247,2148.0,20504,17708,38212,4719,4445,9164,2455.0,250933.4988,102.2132378,1.2061,31.8164,158.4882058002851,KYANKWANZI,0.2238728626204712,0.8875218823182047,0.177,3,False,-0.33892066950858396,0.155,False,False
KIBOGA,Kiboga,"171,200",171200.0,KIBOGA,KIBOGA,KIBOGA,KIBOGA,KIBOGA,KIBOGA,North Central,Kiboga District,4,6,10,8653,7605,16258,12305,9360,21665,5446,4978,10424,5578,5481,11059,4,6,10,8582,7504,16086,12117,8903,21020,5475,5369,10844,5405,4949,10354,58314,30,6,36,8456,7435,15891,11826,8674,20500,5393,5273,10666,5559,4900,10459,172,529,701.0,26408,27430,53838,5582,5487,11069,1586.0,168342.5414,106.1428382,0.8658,31.9473,346.4008533733589,KIBOGA,0.055036256849612275,0.8121274949352911,0.194,3,False,-0.3973877053793069,0.198,False,False
MUKONO,Mukono,"701,400",701400.0,MUKONO,MUKONO,MUKONO,MUKONO,MUKONO,MUKONO,North Central,Mukono District,78,47,125,22158,17552,39710,36484,22815,59299,14305,12628,26933,14784,14401,29185,55,30,85,20927,16790,37717,33378,20892,54270,13861,13508,27369,13596,12190,25786,145227,48,30,78,20543,16459,37002,32703,20532,53235,13579,13226,26805,13372,11864,25236,806,2594,3400.0,73025,67443,140468,14862,14448,29310,1831.0,778403.7886,425.1249528,0.2835,0.0,186.57026356616066,MUKONO,0.1715336041564251,0.7741340998044529,0.236,3,False,-0.29455683889070905,0.197,False,False
NAKASEKE,Nakaseke,"234,600",234600.0,NAKASEKE,NAKASEKE,NAKASEKE,NAKASEKE,NAKASEKE,NAKASEKE,North Central,Nakaseke District,25,12,37,10614,9535,20149,16081,15866,31947,7304,6610,13914,6846,6510,13356,22,71,93,10007,9049,19056,14806,12714,27520,6174,5883,12057,6947,6239,13186,71912,22,7,29,9612,9139,18751,14840,13114,27954,9856,5623,15479,6686,6047,12733,185,685,870.0,34024,38533,72557,6871,6522,13393,3475.0,228208.6952,65.67156697,1.2231,32.0837,315.115074546029,NAKASEKE,0.06209664292830784,0.721592469339864,0.25,3,False,-0.2746319083751761,0.212,False,False
KASSANDA,Kassanda,"312,700",312700.0,MUBENDE,MUBENDE,MUBENDE,KASSANDA,KASSANDA,KASSANDA,North Central,Kassanda District,16,10,26,10823,8164,18987,17409,10518,27927,7306,6363,13669,7600,7104,14704,14,4,18,10506,8052,18558,17242,10049,27291,7441,6940,14381,7218,6231,13449,73697,30,6,36,10104,7734,17838,15913,9572,25485,7151,6649,13800,6898,5962,12860,741,1551,2292.0,35554,32159,67713,7616,7114,14730,1819.0,296278.7557,162.8800196,0.5761,31.7195,248.7421004110826,KASSANDA,-0.021129137990812535,-0.056877567732688636,0.393,2,False,0.047780170131590395,0.374,False,False
MBALE,Mbale,"586,300",586300.0,MBALE,MBALE,MBALE,MBALE,MBALE,MBALE,Bugisu,Mbale District,11,9,20,13834,8310,22144,21691,9568,31259,7775,6119,13894,11468,10586,22054,11,9,20,13785,8275,22060,21497,9504,31001,11386,9825,21211,7752,6081,13833,88125,11,9,20,13678,8201,21879,21270,9423,30693,11308,9752,21060,7681,6022,13703,673,1294,1967.0,43311,34592,77903,11479,10595,22074,360.0,260956.3489,724.8787469,1.0344,34.1977,337.700157024231,MBALE,0.09043070263399293,1.5363506728604754,0.025,3,True,-0.5542645983173358,0.018,False,True
BUKWO,Bukwo,"119,100",119100.0,BUKWO,BUKWO,BUKWO,BUKWO,BUKWO,BUKWO,Bugisu,Bukwo District,3,0,3,1299,895,2194,3734,1923,5657,497,438,935,766,593,1359,0,0,0,550,547,1097,1145,1035,2180,255,235,490,289,274,563,4330,0,0,0,526,529,1055,1084,985,2069,235,211,446,263,252,515,27,52,79.0,5533,3849,9382,769,593,1362,525.0,103632.5039,197.3952454,1.2819,34.7299,41.782257853947314,BUKWO,0.7314535599012969,1.0886907534086072,0.076,3,False,-0.7399386778656973,0.077,False,False
KAPCHORWA,Kapchorwa,"123,800",123800.0,KAPCHORWA,KAPCHORWA,KAPCHORWA,KAPCHORWA,KAPCHORWA,KAPCHORWA,Bugisu,Kapchorwa District,20,15,35,1033,875,1908,2527,1923,4450,525,446,971,425,406,831,9,6,15,891,768,1659,2091,1605,3696,327,331,658,466,372,838,6866,9,6,15,868,758,1626,2046,1580,3626,321,327,648,459,368,827,13,47,60.0,4105,3665,7770,445,421,866,212.0,121424.9705,572.7592948,1.3514,34.3754,56.545206243224904,KAPCHORWA,0.7019620765547865,1.0896554868835413,0.075,3,False,-0.7404924663845984,0.076,False,False
BUKEDEA,Bukedea,"259,300",259300.0,BUKEDEA,BUKEDEA,BUKEDEA,BUKEDEA,BUKEDEA,BUKEDEA,Teso,Bukedea District,20,22,42,15176,7287,22463,21750,7838,29588,7600,5362,12962,10079,8688,18767,18,22,40,14965,7083,22048,20985,7445,28430,9449,8539,17988,7390,5161,12551,81057,18,22,40,15133,6969,22102,20451,7287,27738,9310,8427,17737,7263,5064,12327,942,3048,3990.0,44546,29197,73743,10099,8710,18809,1032.0,248003.4467,240.3134173,1.3557,34.1087,326.83819954345824,BUKEDEA,0.027655475330465307,0.3820765546553588,0.405,3,False,-0.14378030773558173,0.391,False,False
KABAROLE,Kabarole,"337,800",337800.0,KABAROLE,KABAROLE,KABAROLE,KABAROLE,KABAROLE,KABAROLE,Tooro,Kabarole District,5,6,11,2880,2283,5163,5522,3772,9294,1703,1379,3082,1560,1341,2901,2,1,3,2773,2239,5012,5067,3489,8556,1487,1270,2757,1636,1346,2982,19310,2,1,3,2761,2208,4969,4960,3457,8417,1469,1254,2723,1627,1323,2950,32,135,167.0,10110,8781,18891,1565,1347,2912,1184.0,216280.968,182.6697365,0.6833,0.0,89.28201209086507,KABAROLE,0.413474084653183,1.2480417633757213,0.069,3,False,-0.4843019712202413,0.062,False,False
MASINDI,Masindi,"340,500",340500.0,MASINDI,MASINDI,MASINDI,MASINDI,MASINDI,MASINDI,Bunyoro,Masindi District,36,14,50,13642,9624,23266,20226,13833,34059,8900,7398,16298,10395,9495,19890,36,14,50,12796,9121,21917,18566,12571,31137,9782,8975,18757,8334,7071,15405,87266,36,14,50,12616,8947,21563,18616,12809,31425,9664,8903,18567,8271,6901,15172,310,930,1240.0,42804,40364,83168,10431,9509,19940,3891.0,321013.779,82.50161373,1.6873,31.7138,271.84502880793787,MASINDI,-0.006115115730860335,0.005960529730703302,0.425,2,False,0.014874221186801897,0.423,False,False
KITAGWENDA,Kitagwenda,"178,300",178300.0,KAMWENGE,KAMWENGE,KAMWENGE,KAMWENGE,KITAGWENDA,KITAGWENDA,Tooro,Kitagwenda District,9,8,17,8077,5964,14041,10352,5746,16098,3652,3054,6706,4381,3502,7883,7,8,15,7873,5855,13728,10032,5600,15632,4154,3357,7511,3577,2988,6565,43451,7,7,14,7632,5678,13310,9473,5307,14780,3896,3111,7007,3378,2840,6218,336,764,1100.0,22090,18274,40364,4390,3510,7900,677.0,167230.318,247.0167178,0.0,0.0,259.82728801604026,KITAGWENDA,0.07592249962715453,0.42975162339694817,0.383,3,False,-0.20053218964171873,0.396,False,False
BUSIA,Busia,"384,000",384000.0,BUSIA,BUSIA,BUSIA,BUSIA,BUSIA,BUSIA,Bukedi,Busia District,50,23,73,36556,21989,58545,57971,26175,84146,22703,18017,40720,33289,29059,62348,48,19,67,35621,21470,57091,55306,25389,80695,32327,28281,60608,22234,17729,39963,238424,47,171,218,35420,21362,56782,54432,25179,79611,32073,28139,60212,22109,17630,39739,1095,1842,2937.0,117280,95263,212543,33339,29082,62421,729.0,374454.5013,513.6550087,0.4045,34.0196,636.7235516524955,BUSIA,-0.21330118473223234,-0.5605363004225176,0.296,4,False,-0.30726682617153894,0.331,False,False
KALANGALA,Kalangala,"67,200",67200.0,KALANGALA,KALANGALA,KALANGALA,KALANGALA,KALANGALA,KALANGALA,South Central,Kalangala District,8,9,17,1758,1681,3439,4628,4646,9274,1103,1022,2125,1454,1385,2839,8,9,17,1698,1656,3354,4442,4462,8904,1337,1273,2610,1052,999,2051,16936,8,9,17,1650,1613,3263,4246,4295,8541,1301,1230,2531,1030,968,1998,309,343,652.0,7497,8743,16240,1462,1394,2856,452.0,65596.37205,145.1247169,0.6351,32.5373,258.185010401044,KALANGALA,0.1772685867555358,1.0472637350493341,0.112,3,False,-0.4589292558225524,0.116,False,False
NTUNGAMO,Ntungamo,"540,800",540800.0,NTUNGAMO,NTUNGAMO,NTUNGAMO,NTUNGAMO,NTUNGAMO,NTUNGAMO,Ankole,Ntungamo District,23,23,46,7371,6244,13615,12862,8564,21426,2968,2512,5480,2263,2141,4404,22,20,42,6831,5857,12688,11468,7491,18959,1962,1864,3826,2687,2298,4985,40500,22,20,42,6767,5827,12594,11703,7943,19646,1987,1933,3920,2630,2310,4940,142,517,659.0,23224,19484,42708,2286,2164,4450,1999.0,524101.3617,262.1817718,0.9807,30.2513,77.27512836187313,NTUNGAMO,0.7076677083587207,1.8836000028660396,0.004,3,True,-0.7938676191130741,0.003,False,True
MBARARA,Mbarara,"390,700",390700.0,MBARARA,MBARARA,MBARARA,MBARARA,MBARARA,MBARARA,Ankole,Mbarara District,2,1,3,1178,967,2145,2484,1787,4271,664,633,1297,690,707,1397,1,0,1,954,809,1763,2102,1471,3573,573,586,1159,528,510,1038,7534,1,0,1,939,796,1735,2081,1465,3546,567,585,1152,515,502,1017,47,137,184.0,4328,4095,8423,692,708,1400,773.0,162157.1966,209.7764509,0.6121,30.6373,46.461089350134955,MBARARA,0.6150077642690521,1.5098368594665026,0.021,3,True,-0.6314256203617804,0.022,False,True
MITOOMA,Mitooma,"194,300",194300.0,MITOOMA,MITOOMA,MITOOMA,MITOOMA,MITOOMA,MITOOMA,Ankole,Mitooma District,2,7,9,5616,4439,10055,9057,4499,13556,2560,2149,4709,2356,1923,4279,0,4,4,4907,3860,8767,7385,3836,11221,1946,1619,3565,2215,1890,4105,27662,0,4,4,5270,4175,9445,8170,4138,12308,2102,1722,3824,2382,2032,4414,72,280,352.0,17235,13017,30252,2358,1930,4288,544.0,207910.702,382.1887905,0.6193,30.0203,133.04750421168796,MITOOMA,0.6689355326442403,1.8067826474840756,0.001,3,True,-0.906912752286985,0.002,False,True
NAKASONGOLA,Nakasongola,"215,200",215200.0,NAKASONGOLA,NAKASONGOLA,NAKASONGOLA,NAKASONGOLA,NAKASONGOLA,NAKASONGOLA,North Central,Nakasongola District,53,30,83,19669,15399,35068,21313,15301,36614,15438,13886,29324,16932,15985,32917,42,19,61,18593,14516,33109,19834,14122,33956,15786,14979,30765,14490,12987,27477,125368,41,17,58,18421,15120,33541,19662,13384,33046,15669,15944,31613,14394,12877,27271,466,1576,2042.0,56473,60601,117074,16985,16015,33000,3314.0,207196.8482,62.52168021,1.349,32.4467,605.0671189698145,NAKASONGOLA,-0.020074298528439942,-0.12241731665609173,0.478,4,False,-0.029410326249983413,0.478,False,False
MUBENDE,Mubende,"554,800",554800.0,MUBENDE,MUBENDE,MUBENDE,MUBENDE,MUBENDE,MUBENDE,North Central,Mubende District,64,71,135,23725,16385,40110,33131,20244,53375,13555,11285,24840,12994,11355,24349,61,71,132,22957,16037,38994,31765,19286,51051,12477,10892,23369,12999,10890,23889,137435,62,70,132,23041,16023,39064,31981,19161,51142,12549,11006,23555,13089,10956,24045,839,2165,3004.0,70475,59340,129815,13058,11426,24484,2711.0,475233.8295,175.298351,0.449,31.3542,289.1944795777633,MUBENDE,0.07774612942763355,0.6967019100398996,0.254,3,False,-0.2605890188213107,0.231,False,False
BUVUMA,Buvuma,"128,900",128900.0,BUVUMA,BUVUMA,BUVUMA,BUVUMA,BUVUMA,BUVUMA,North Central,Buvuma District,4,2,6,2909,1886,4795,5199,3140,8339,2301,1883,4184,3677,3419,7096,4,2,6,2888,1869,4757,5171,3123,8294,3633,3387,7020,2273,1875,4148,24225,4,2,6,2886,1875,4761,5267,3042,8309,3617,3364,6981,2277,1863,4140,202,470,672.0,10413,10330,20743,3681,3421,7102,296.0,40577.34751,137.0856335,0.3765,33.2588,597.007973328713,BUVUMA,-0.17861030751510687,-0.6435870831392666,0.259,4,False,-0.30865986698491066,0.297,False,False
KABERAMAIDO,Kaberamaido,"132,700",132700.0,KABERAMAIDO,KABERAMAIDO,KABERAMAIDO,KABERAMAIDO,KABERAMAIDO,KABERAMAIDO,Teso,Kaberamaido District,17,13,30,7809,4730,12539,8009,3241,11250,4075,3180,7255,3706,3242,6948,17,13,30,7484,4601,12085,7620,3059,10679,3580,3113,6693,3954,3106,7060,36547,17,13,30,7403,4556,11959,7568,3028,10596,3560,3099,6659,3961,3098,7059,314,542,856.0,19910,14406,34316,3723,3255,6978,689.0,125381.2538,181.9756949,1.6325,0.0,291.48695592323065,KABERAMAIDO,0.11361087458860256,0.7984730641672632,0.195,3,False,-0.38804752495143763,0.221,False,False
SOROTI,Soroti,"363,600",363600.0,SOROTI,SOROTI,SOROTI,SOROTI,SOROTI,SOROTI,Teso,Soroti District,37,31,68,18872,8274,27146,22764,7357,30121,9626,7046,16672,10124,9320,19444,31,28,59,18489,7997,26486,21831,7011,28842,9942,9182,19124,9345,6828,16173,90684,31,28,59,18309,7800,26109,21560,6912,28472,9767,8941,18708,9189,6790,15979,1316,2519,3835.0,51299,32028,83327,10161,9351,19512,1034.0,236630.7495,228.8498545,1.7229,33.528,383.2299909948939,SOROTI,-0.0035827960127932665,-0.17608798279142163,0.342,2,False,0.10369557358897631,0.338,False,False
BUNYANGABU,Bunyangabu,"195,100",195100.0,KABAROLE,KABAROLE,BUNYANGABU,BUNYANGABU,BUNYANGABU,BUNYANGABU,Tooro,Bunyangabu District,9,1,10,3582,3016,6598,5607,4020,9627,1860,1647,3507,1932,9345,11277,10,0,10,3379,2862,6241,5085,3645,8730,1801,1644,3445,1782,1558,3340,21766,10,0,10,3227,2706,5933,4920,3519,8439,1736,38571,40307,1703,1504,3207,67,184,251.0,11058,18029,29087,1941,9346,11287,466.0,198021.5857,424.939025,0.4871,30.2051,109.91730988850475,BUNYANGABU,0.3870383997612358,0.8645458127228011,0.161,3,False,-0.4854701827400417,0.194,False,False
IBANDA,Ibanda,"277,300",277300.0,IBANDA,IBANDA,IBANDA,IBANDA,IBANDA,IBANDA,Ankole,Ibanda District,17,17,34,20398,16228,36626,34625,22678,57303,9881,8214,18095,8104,6703,14807,8,15,23,19707,15557,35264,32750,21223,53973,7525,6394,13919,9404,7753,17157,120336,11,9,20,19453,15345,34798,32405,20880,53285,7446,6297,13743,9283,7631,16914,414,773,1187.0,64921,53840,118761,8121,6720,14841,622.0,283976.8883,456.5544828,0.0966,30.4818,423.7527945333149,IBANDA,-0.04506047736032632,-1.4435213973638108,0.032,4,True,-0.5598572353253323,0.031,False,True
WAKISO,Wakiso,"2,915,200",2915200.0,WAKISO,WAKISO,WAKISO,WAKISO,WAKISO,WAKISO,South Central,Wakiso District,331,308,639,37127,31791,68918,78427,60878,139305,25218,23359,48577,29497,28045,57542,180,172,352,27802,24049,51851,59129,40753,99882,21357,18955,40312,18385,17245,35630,228027,193,188,381,27808,23854,51662,56741,43767,100508,21132,19230,40362,18394,16974,35368,1091,6914,8005.0,141103,144381,285484,29828,28353,58181,1884.0,2753785.676,1461.669679,0.063,32.4467,82.80491905645312,WAKISO,0.417753063973565,1.2396304700143084,0.074,3,False,-0.479437354270288,0.062,False,False
AMOLATAR,Amolatar,"170,100",170100.0,AMOLATAR,AMOLATAR,AMOLATAR,AMOLATAR,AMOLATAR,AMOLATAR,Lango,Amolatar District,0,0,0,8194,5035,13229,9912,4633,14545,4170,3657,7827,3888,3812,7700,0,0,0,8101,4999,13100,9604,4548,14152,3789,3721,7510,4154,3645,7799,42561,0,0,0,7932,4932,12864,9420,4431,13851,3717,3669,7386,4089,3578,7667,310,567,877.0,22276,17137,39413,3888,3812,7700,1163.0,170846.7994,146.9018051,1.6054,32.8084,249.11792406688772,AMOLATAR,-0.09199365439059129,-0.49758855932722545,0.257,2,False,0.2189390709849279,0.227,False,False
LAMWO,Lamwo,"143,800",143800.0,LAMWO,LAMWO,LAMWO,LAMWO,LAMWO,LAMWO,Acholi,Lamwo District,16,20,36,58962,41452,100414,38295,13266,51561,26623,22891,49514,27089,26321,53410,14,20,34,58514,41213,99727,37627,12941,50568,26817,26060,52877,26570,22721,49291,252497,14,20,34,58452,41171,99623,37585,12909,50494,26783,26033,52816,26542,22687,49229,877,2344,3221.0,123896,103950,227846,27105,26341,53446,5588.0,177231.4362,31.71643454,3.491,32.808,1424.673892023677,LAMWO,4.69871962079759,3.237122190346811,0.02,1,True,1.686491228536027,0.019,True,False
KAABONG,Kaabong,"125,400",125400.0,KAABONG,KAABONG,KAABONG,KAABONG,KAABONG,KAABONG,Karamoja,Kaabong District,24,19,43,11411,8101,19512,21115,11821,32936,5983,5119,11102,15451,14652,30103,14,12,26,10820,7673,18493,19082,10536,29618,14708,14001,28709,5782,4829,10611,87457,14,12,26,10615,7531,18146,18637,10520,29157,14375,13668,28043,5654,4726,10380,275,1410,1685.0,38533,39712,78245,15475,14671,30146,4751.0,190691.9549,40.13722478,3.5696,34.242,458.6297311067106,KAABONG,0.029060676076861813,0.2709383842756321,0.31,1,False,0.1634563859900823,0.306,False,False
IGANGA,Iganga,"402,600",402600.0,IGANGA,IGANGA,IGANGA,IGANGA,IGANGA,IGANGA,Busoga,Iganga District,38,28,66,32022,18354,50376,52871,25050,77921,21090,16244,37334,29955,26648,56603,35,23,58,31019,17591,48610,51023,23951,74974,29103,25811,54914,20304,15463,35767,214323,20,13,33,29506,16789,46295,48011,22468,70479,27773,24634,52407,19408,14824,34232,1979,4322,6301.0,106021,86324,192345,29993,26676,56669,633.0,389466.6445,615.2711604,0.7236,33.4832,550.2987303961534,IGANGA,0.08130717911333404,0.3460653234846789,0.298,1,False,0.18854902932675927,0.266,False,False
NAMAYINGO,Namayingo,"237,000",237000.0,NAMAYINGO,NAMAYINGO,NAMAYINGO,NAMAYINGO,NAMAYINGO,NAMAYINGO,Busoga,Namayingo District,131,48,179,23459,14516,37975,39489,20646,60135,16534,13286,29820,23114,20501,43615,114,35,149,22846,13977,36823,38237,20041,58278,22513,19926,42439,16056,12831,28887,166576,110,33,143,22578,13848,36426,37840,19717,57557,22208,19629,41837,15895,12699,28594,1399,3138,4537.0,79613,68997,148610,23245,20549,43794,587.0,244885.12,417.1807836,0.3426,33.8411,680.2209950527006,NAMAYINGO,0.008341395774696675,0.013484600113657106,0.422,1,False,0.016351728338955592,0.396,False,False
RUKUNGIRI,Rukungiri,"333,800",333800.0,RUKUNGIRI,RUKUNGIRI,RUKUNGIRI,RUKUNGIRI,RUKUNGIRI,RUKUNGIRI,Kigezi,Rukungiri District,15,5,20,8226,6970,15196,12978,9354,22332,3648,3161,6809,3991,3480,7471,10,2,12,7713,6617,14330,11561,8525,20086,3514,3033,6547,3444,2972,6416,47391,10,2,12,7494,6430,13924,11240,8340,19580,3385,2924,6309,3341,2908,6249,139,408,547.0,24867,22970,47837,4006,3485,7491,1381.0,350222.7174,253.6008091,0.7518,29.9278,135.31675030056172,RUKUNGIRI,0.6175654252601623,2.139573817426446,0.001,3,True,-0.8448745326216562,0.001,False,True
PAKWACH,Pakwach,"196,800",196800.0,NEBBI,NEBBI,PAKWACH,PAKWACH,PAKWACH,PAKWACH,West Nile,Pakwach District,47,40,87,22182,11081,33263,23289,9377,32666,12733,9599,22332,14909,14627,29536,47,39,86,22180,11072,33252,23203,9365,32568,15094,14605,29699,12715,9587,22302,117907,47,39,86,21397,10686,32083,22517,9224,31741,14780,14276,29056,12244,9252,21496,894,2172,3066.0,58251,44724,102975,14956,14667,29623,877.0,185796.111,211.8541744,2.4738,31.3999,634.6042409897374,PAKWACH,0.5455133769063824,1.6628495746171306,0.07,1,False,0.8108949656649282,0.056,False,False
RUBANDA,Rubanda,"208,500",208500.0,KABALE,KABALE,RUBANDA,RUBANDA,RUBANDA,RUBANDA,Kigezi,Rubanda District,1,0,1,159,256,415,673,1609,2282,53,42,95,64,67,131,1,0,1,149,251,400,654,1575,2229,51,53,104,47,36,83,2817,1,0,1,145,250,395,646,1548,2194,50,51,101,45,36,81,6,16,22.0,886,1974,2860,65,67,132,660.0,226928.4991,343.8310592,1.1517,29.8352,12.413601690277957,RUBANDA,0.9537112236535193,1.9694221335058193,0.001,3,True,-0.8904720284002188,0.002,False,True
LUUKA,Luuka,"267,100",267100.0,LUUKA,LUUKA,LUUKA,LUUKA,LUUKA,LUUKA,Busoga,Luuka District,73,45,118,27949,13899,41848,44769,18314,63083,20088,13877,33965,31004,25721,56725,72,41,113,26805,13264,40069,42635,17504,60139,29599,24582,54181,19215,13258,32473,186975,83,42,125,26922,13423,40345,42982,17638,60620,29967,24804,54771,19187,13342,32529,1769,4201,5970.0,92879,71856,164735,31077,25766,56843,650.0,272730.2396,419.5849839,0.7251,33.3037,685.5675420306419,LUUKA,0.2121902642115974,0.5499883126000806,0.23,1,False,0.26472593143362466,0.206,False,False
KOLE,Kole,"284,300",284300.0,KOLE,KOLE,KOLE,KOLE,KOLE,KOLE,Lango,Kole District,7,7,14,25013,10753,35766,28261,9352,37613,10993,7875,18868,14751,13519,28270,6,7,13,24806,10666,35472,27984,9263,37247,14626,13411,28037,10913,7804,18717,119486,6,7,13,24450,10441,34891,27460,9134,36594,14465,13179,27644,10723,7663,18386,2162,5047,7209.0,64274,41506,105780,14758,13526,28284,1073.0,270939.1235,252.5061728,2.3031,0.0,441.00681531879246,KOLE,0.04705964609315552,0.6409279559298615,0.205,1,False,0.3649056312603892,0.195,False,False
KALIRO,Kaliro,"288,500",288500.0,KALIRO,KALIRO,KALIRO,KALIRO,KALIRO,KALIRO,Busoga,Kaliro District,123,81,204,13510,6919,20429,26248,13948,40196,9909,6983,16892,18873,17085,35958,113,67,180,13411,6817,20228,25994,13751,39745,18638,16875,35513,9797,6909,16706,112372,110,65,175,13285,6783,20068,25824,13686,39510,18593,16789,35382,9676,6840,16516,2701,3935,6636.0,49790,45016,94806,18996,17166,36162,779.0,255125.7054,327.5041148,0.8927,33.5028,440.4573808970642,KALIRO,-0.025653959831957233,-0.5252427929164998,0.315,4,False,-0.19987345379529148,0.342,False,False
OMORO,Omoro,"196,400",196400.0,GULU,OMORO,OMORO,OMORO,OMORO,OMORO,Acholi,Omoro District,12,7,19,35135,17696,52831,32071,10305,42376,16501,12523,29024,17472,15967,33439,9,6,15,34872,17606,52478,32076,10296,42372,17346,15839,33185,16283,12434,28717,156767,9,5,14,34662,17523,52185,31508,10227,41735,17230,15705,32935,16480,12381,28861,1549,2836,4385.0,83719,56498,140217,17484,15974,33458,1483.0,178645.0953,120.4619658,2.7152,32.492,877.5331880046305,OMORO,1.3077715314029434,2.189946296870137,0.049,1,True,0.9738058582851453,0.035,True,False
RUKIGA,Rukiga,"105,400",105400.0,KABALE,KABALE,RUKIGA,RUKIGA,RUKIGA,RUKIGA,Kigezi,Rukiga District,0,0,0,135,177,312,481,625,1106,44,100,144,63,58,121,0,0,0,121,141,262,453,589,1042,58,49,107,44,48,92,1503,0,0,0,108,127,235,399,547,946,50,41,91,41,43,84,4,10,14.0,660,960,1620,63,58,121,426.0,118659.0444,278.5423578,1.1326,30.0434,12.666543941929808,RUKIGA,1.0306835826146903,1.9014430963948796,0.001,3,True,-0.9623078452799269,0.001,False,True
AMURU,Amuru,"216,800",216800.0,AMURU,AMURU,AMURU,AMURU,AMURU,AMURU,Acholi,Amuru District,33,30,63,37953,20401,58354,162960,12131,175091,17700,13944,31644,21552,20437,41989,31,29,60,37394,20262,57656,32532,11886,44418,21450,20254,41704,17640,13880,31520,175358,31,29,60,36832,22016,58848,31881,11851,43732,21180,20008,41188,17416,13709,31125,1290,2235,3525.0,218646,66943,285589,21585,20467,42052,3619.0,221144.9495,61.10664534,3.1042,32.0837,792.9550297055281,AMURU,2.5190446727134232,5.5873123717727315,0.001,1,True,2.2543011262863106,0.001,True,False
KITGUM,Kitgum,"223,600",223600.0,KITGUM,KITGUM,KITGUM,KITGUM,KITGUM,KITGUM,Acholi,Kitgum District,45,37,82,43752,26231,69983,42231,16154,58385,21341,17099,38440,25976,26443,52419,36,37,73,41818,25077,66895,38520,14457,52977,24575,24843,49418,20470,16281,36751,206114,36,36,72,39903,23980,63883,37998,13903,51901,36660,23815,60475,19592,15539,35131,1017,2040,3057.0,107369,85964,193333,26021,26480,52501,4391.0,224721.6078,51.1777745,3.3397,33.1689,917.1970689326832,KITGUM,2.1030225390475374,3.0433715815759452,0.019,1,True,1.444575551312214,0.016,True,False
KANUNGU,Kanungu,"277,300",277300.0,KANUNGU,KANUNGU,KANUNGU,KANUNGU,KANUNGU,KANUNGU,Kigezi,Kanungu District,9,10,19,12287,9808,22095,16454,10516,26970,6035,4945,10980,5106,4424,9530,7,10,17,12004,9582,21586,16017,10170,26187,4935,4289,9224,5850,4806,10656,67670,7,10,17,11890,9467,21357,15870,10059,25929,4884,4231,9115,5813,4755,10568,161,449,610.0,34785,29703,64488,5115,4434,9549,1275.0,285449.0367,223.8815974,0.8195,0.0,237.0650844799295,KANUNGU,0.42917851550494485,1.6804069086271427,0.003,3,True,-0.9603381675268393,0.005,False,True
ZOMBO,Zombo,"283,100",283100.0,ZOMBO,ZOMBO,ZOMBO,ZOMBO,ZOMBO,ZOMBO,West Nile,Zombo District,13,12,25,15694,10009,25703,17793,8929,26722,7823,6483,14306,11862,11658,23520,11,10,21,15361,9862,25223,17279,8666,25945,11876,11413,23289,7725,6488,14213,88691,11,10,21,14530,9424,23954,16571,8392,24963,10919,10805,21724,7305,6164,13469,492,905,0.0,41323,37091,78414,11875,11670,23545,939.0,281289.8136,299.5631668,2.4882,30.8499,315.3011439160057,ZOMBO,-0.21113453412769093,-1.345212764376514,0.078,2,False,0.9285159986951561,0.077,False,False
JINJA,Jinja,"515,100",515100.0,JINJA,JINJA,JINJA,JINJA,JINJA,JINJA,Busoga,Jinja District,81,65,146,21401,12114,33515,38579,18762,57341,14175,10140,24315,22527,18560,41087,72,56,128,20220,11431,31651,35705,17322,53027,21447,17568,39015,13473,9665,23138,146959,72,56,128,20072,11373,31445,35471,17225,52696,21722,17443,39165,13391,9603,22994,907,2155,3062.0,74236,59641,133877,22608,18625,41233,499.0,256664.1006,514.3569151,0.5349,33.2139,572.5732568616181,JINJA,0.13341610273385826,0.5164236625579626,0.238,1,False,0.26960702428480493,0.21,False,False
YUMBE,Yumbe,"663,600",663600.0,YUMBE,YUMBE,YUMBE,YUMBE,YUMBE,YUMBE,West Nile,Yumbe District,80,61,141,81956,51421,133377,78387,30203,108590,54359,45153,99512,74772,70076,144848,61,51,112,77993,49069,127062,73821,28523,102344,68979,68707,137686,51924,42768,94692,461896,57,38,95,77450,49220,126670,73503,28272,101775,68043,66283,134326,51584,43861,95445,2520,4706,7226.0,214782,196914,411696,74852,70137,144989,2323.0,723635.0354,311.50884,3.4698,31.2483,638.2996640629486,YUMBE,1.0967308842681818,3.3552172921801606,0.012,1,True,1.6007008258229152,0.013,True,False
BUYENDE,Buyende,"414,600",414600.0,BUYENDE,BUYENDE,BUYENDE,BUYENDE,BUYENDE,BUYENDE,Busoga,Buyende District,26,19,45,12975,6744,19719,20674,9355,30029,10324,7905,18229,21046,19368,40414,26,19,45,12973,6741,19714,20671,9330,30001,21036,19368,40404,10318,7892,18210,108374,26,19,45,12965,6738,19703,20662,9323,29985,21019,19342,40361,10309,7876,18185,1629,3322,4951.0,43999,43391,87390,21072,19387,40459,1379.0,369159.5617,267.700915,1.2414,33.1239,293.5695326458071,BUYENDE,0.008523548797680424,0.13619938737914566,0.491,3,False,-0.03167952120113093,0.487,False,False
KISORO,Kisoro,"315,400",315400.0,KISORO,KISORO,KISORO,KISORO,KISORO,KISORO,Kigezi,Kisoro District,1,5,6,1236,1403,2639,3149,3104,6253,694,660,1354,986,951,1937,0,2,2,1058,1248,2306,2381,2563,4944,652,594,1246,583,541,1124,9622,0,2,2,1000,1159,2159,23847,2445,26292,612,553,1165,549,506,1055,8,45,53.0,5080,6123,11203,987,956,1943,690.0,364929.2236,528.8829328,1.1539,29.6499,26.366756559202564,KISORO,0.8025319928872725,1.139928050357816,0.064,3,False,-0.7781319944943171,0.071,False,False
NAKAPIRIPIRIT,Nakapiripirit,"113,300",113300.0,NAKAPIRIPIRIT,NAKAPIRIPIRIT,NAKAPIRIPIRIT,NAKAPIRIPIRIT,NAKAPIRIPIRIT,NAKAPIRIPIRIT,Karamoja,Nakapiripirit District,35,25,60,6079,4496,10575,10380,7485,17865,5035,4258,9293,13258,13250,26508,9,6,15,4732,3472,8204,7217,5743,12960,11235,11341,22576,4069,3557,7626,51381,7,4,11,4891,3553,8444,7802,5916,13718,11577,11568,23145,4184,3611,7795,480,665,1145.0,21529,29514,51043,13293,13275,26568,2641.0,101656.3411,38.49160964,1.7013,34.5971,505.43821904288467,NAKAPIRIPIRIT,-0.06663858313495453,-0.5877872101153694,0.306,4,False,-0.21138362902232116,0.303,False,False
GULU,Gulu,"325,600",325600.0,GULU,GULU,GULU,GULU,GULU,GULU,Acholi,Gulu District,13,12,25,30268,15253,45521,26128,10033,36161,14354,10927,25281,14971,13530,28501,10,7,17,29371,14673,44044,24778,9457,34235,14580,13074,27654,14046,10672,24718,130668,9,5,14,28859,14364,43223,24517,9284,33801,14639,13323,27962,13791,10568,24359,1183,2039,3222.0,70763,49755,120518,14984,13542,28526,1721.0,123872.7591,71.97719876,2.955,32.4467,1054.856620207469,GULU,3.4478646533439443,3.5726476441860946,0.012,1,True,1.8829615792941437,0.013,True,False
BUKOMANSIMBI,Bukomansimbi,"156,600",156600.0,BUKOMANSIMBI,BUKOMANSIMBI,BUKOMANSIMBI,BUKOMANSIMBI,BUKOMANSIMBI,BUKOMANSIMBI,South Central,Bukomansimbi District,4,5,9,4203,3456,7659,4857,2896,7753,2907,2688,5595,2981,3001,5982,4,5,9,4180,3440,7620,4797,2879,7676,2941,2973,5914,2892,2677,5569,26788,4,4,8,4173,3442,7615,4773,2867,7640,2935,2966,5901,2891,2714,5605,102,367,469.0,11971,12046,24017,2985,3006,5991,600.0,177621.3751,296.0356251,0.1433,31.6055,150.8151819279548,BUKOMANSIMBI,0.19480556470896238,0.6848705919643936,0.252,3,False,-0.28663955653791806,0.274,False,False
DOKOLO,Dokolo,"215,500",215500.0,DOKOLO,DOKOLO,DOKOLO,DOKOLO,DOKOLO,DOKOLO,Lango,Dokolo District,14,6,20,18242,8333,26575,21276,6767,28043,9642,7277,16919,11511,10762,22273,11,4,15,17682,8211,25893,20644,6587,27231,11169,10489,21658,9432,7140,16572,91369,11,3,14,17349,8030,25379,20268,6548,26816,10880,10246,21126,9235,6972,16207,1354,2219,3573.0,49174,33145,82319,11525,10768,22293,1004.0,201970.6038,201.16594,1.9131,33.1717,452.3876162219999,DOKOLO,-0.04441623023771135,-0.7053610369826158,0.242,4,False,-0.2737301856818947,0.261,False,False
KWEEN,Kween,"109,500",109500.0,KWEEN,KWEEN,KWEEN,KWEEN,KWEEN,KWEEN,Bugisu,Kween District,3,3,6,1740,1811,3551,3499,2998,6497,701,741,1442,614,601,1215,3,3,6,1655,1754,3409,3276,2869,6145,586,558,1144,687,724,1411,12115,3,3,6,1504,1634,3138,2945,2649,5594,527,498,1025,598,645,1243,46,106,152.0,5943,6154,12097,617,604,1221,851.0,113644.2334,133.5419899,1.4126,34.5528,106.60461721236794,KWEEN,0.45754901682362226,1.4882816986022651,0.025,3,True,-0.5664186203942241,0.023,False,True
SERERE,Serere,"359,500",359500.0,SERERE,SERERE,SERERE,SERERE,SERERE,SERERE,Teso,Serere District,7,12,19,10113,5025,15138,11007,3994,15001,4681,3931,8612,3748,3639,7387,3,8,11,9409,4836,14245,9283,3570,12853,3263,3240,6503,4469,3776,8245,41857,4,8,12,12209,4603,16812,8980,3320,12300,3184,3156,6340,4310,3618,7928,477,839,1316.0,25808,16601,42409,3755,3651,7406,1495.0,327270.4649,218.9100099,1.4994,33.549,127.89727301786836,SERERE,0.2083529107513265,0.7217028522141052,0.237,3,False,-0.28100197465374027,0.255,False,False
AMURIA,Amuria,"225,000",225000.0,AMURIA,AMURIA,AMURIA,AMURIA,AMURIA,AMURIA,Teso,Amuria District,25,16,41,29332,13402,42734,28794,9516,38310,14675,10605,25280,14631,13490,28121,18,11,29,29204,13284,42488,28411,9416,37827,14521,13353,27874,14628,10543,25171,133389,16,11,27,27816,12465,40281,26605,8870,35475,13551,12556,26107,13665,9886,23551,1108,2364,3472.0,72826,47029,119855,14656,13506,28162,1383.0,221713.2959,160.3133014,2.0302,33.6428,601.6283302204972,AMURIA,0.029684934533476974,0.0475617873576336,0.409,1,False,0.05517745827802809,0.381,False,False
ADJUMANI,Adjumani,"235,900",235900.0,ADJUMANI,ADJUMANI,ADJUMANI,ADJUMANI,ADJUMANI,ADJUMANI,West Nile,Adjumani District,14,10,24,68996,51991,120987,60160,28387,88547,39961,33652,73613,44368,43281,87649,20,8,28,66330,49125,115455,56705,27383,84088,42505,42053,84558,38666,32191,70857,354986,10,7,17,63988,47276,111264,53973,26342,80315,41805,39693,81498,37330,121192,158522,1519,3234,4753.0,169131,157321,326452,44382,43291,87673,2301.0,128376.1239,55.79144888,3.2549,31.7195,2765.202665540208,ADJUMANI,12.906780083309938,4.892264609769434,0.001,1,True,2.4202874849715736,0.001,True,False
KYEGEGWA,Kyegegwa,"441,000",441000.0,KYEGEGWA,KYEGEGWA,KYEGEGWA,KYEGEGWA,KYEGEGWA,KYEGEGWA,Tooro,Kyegegwa District,42,28,70,40279,22717,62996,55701,26831,82532,17791,15061,32852,20253,19070,39323,27,16,43,26669,20492,47161,38466,24197,62663,18255,17157,35412,16374,13730,30104,175383,21,13,34,28908,21440,50348,39804,24493,64297,17319,17498,34817,16518,13793,30311,827,2070,2897.0,113813,83707,197520,20295,19098,39393,1882.0,397961.3775,211.4566299,0.4818,31.055,440.70357053681676,KYEGEGWA,-0.04683859746647345,-0.9392907013886924,0.161,4,False,-0.3637104087305569,0.164,False,False
KYENJOJO,Kyenjojo,"525,400",525400.0,KYENJOJO,KYENJOJO,KYENJOJO,KYENJOJO,KYENJOJO,KYENJOJO,Tooro,Kyenjojo District,64,59,123,13533,9665,23198,19814,12633,32447,7065,5860,12925,8483,7596,16079,56,54,110,13189,9324,22513,18939,11972,30911,8099,7338,15437,6809,5520,12329,81300,48,51,99,13094,9279,22373,18500,11788,30288,8323,7304,15627,6787,5550,12337,469,984,1453.0,40476,35813,76289,8547,7655,16202,2352.0,491549.5685,208.9921635,0.6093,30.6401,165.39532370680942,KYENJOJO,0.2103382087153934,0.7919198556866788,0.211,3,False,-0.3279771772996266,0.224,False,False
KASESE,Kasese,"793,200",793200.0,KASESE,KASESE,KASESE,KASESE,KASESE,KASESE,Tooro,Kasese District,80,60,140,32148,27492,59640,53391,35425,88816,15871,13696,29567,14750,13646,28396,43,31,74,28945,24803,53748,45526,30721,76247,12131,11550,23681,13983,12193,26176,179926,43,31,74,28826,25785,54611,45620,30754,76374,11925,11451,23376,13892,12214,26106,577,1468,2045.0,101490,90319,191809,14830,13706,28536,2795.0,786346.2565,281.3403422,0.1699,0.0,228.81268717529653,KASESE,0.20104793915943395,1.1067542987574897,0.112,3,False,-0.4296353268074046,0.112,False,False
SHEEMA,Sheema,"220,500",220500.0,SHEEMA,SHEEMA,SHEEMA,SHEEMA,SHEEMA,SHEEMA,Ankole,Sheema District,0,0,0,596,578,1174,1552,1234,2786,256,226,482,285,298,583,0,0,0,398,438,836,1059,827,1886,158,184,342,157,135,292,3356,0,0,0,376,427,803,1022,800,1822,153,178,331,155,131,286,3,24,27.0,2404,2336,4740,285,298,583,327.0,233238.5217,713.2676504,0.5515,30.3897,14.38870378503175,SHEEMA,0.9811862499756794,2.3377761023151433,0.001,3,True,-0.9205149766699283,0.002,False,True
RUBIRIZI,Rubirizi,"144,100",144100.0,RUBIRIZI,RUBIRIZI,RUBIRIZI,RUBIRIZI,RUBIRIZI,RUBIRIZI,Ankole,Rubirizi District,1,1,2,3738,3026,6764,5323,3353,8676,1871,1577,3448,1576,1479,3055,1,1,2,3664,2989,6653,5158,3273,8431,1531,1410,2941,1818,1550,3368,21395,2,1,3,3574,2902,6476,4969,3131,8100,1488,1380,2868,1762,1505,3267,70,193,263.0,10933,9436,20369,1577,1480,3057,1096.0,151338.3709,138.0824552,0.2642,30.1084,141.3719460092325,RUBIRIZI,0.397077630048746,1.4234165524082294,0.048,3,True,-0.5578706645915606,0.045,False,True
BUTALEJA,Butaleja,"300,500",300500.0,BUTALEJA,BUTALEJA,BUTALEJA,BUTALEJA,BUTALEJA,BUTALEJA,Bukedi,Butaleja District,9,5,14,5516,3419,8935,8739,3742,12481,4155,3254,7409,6033,5279,11312,9,5,14,4864,3055,7919,7496,3302,10798,5287,4511,9798,3798,2960,6758,35287,9,5,14,4915,3101,8016,7478,3269,10747,5319,4584,9903,3853,2990,6843,192,403,595.0,18419,15699,34118,6042,5284,11326,655.0,283270.0852,432.4734125,0.0,0.0,124.57016057691362,BUTALEJA,0.5305595421579301,1.7771289058403543,0.008,3,True,-0.6983448237497506,0.006,False,True
KIBAALE,Kibaale,"198,200",198200.0,KIBAALE,KIBAALE,KIBAALE,KIBAALE,KIBAALE,KIBAALE,Bunyoro,Kibaale District,19,12,31,7363,4818,12181,9728,5882,15610,3992,3171,7163,5092,4823,9915,16,10,26,6929,4554,11483,8970,5294,14264,4748,4524,9272,3723,2975,6698,41743,16,10,26,6783,4433,11216,8720,5225,13945,4690,4457,9147,3668,2920,6588,473,1631,2104.0,21102,18706,39808,5111,4835,9946,1153.0,192834.1418,167.2455696,0.8088,31.0335,216.47100254318138,KIBAALE,0.22337897102915935,1.0583887416443059,0.125,3,False,-0.4446242060351352,0.137,False,False
KIKUUBE,Kikuube,"358,700",358700.0,HOIMA,HOIMA,HOIMA,KIKUUBE,KIKUUBE,KIKUUBE,Bunyoro,Kikuube District,27,29,56,21640,13479,35119,29490,16471,45961,12880,10031,22911,19864,18548,38412,25,28,53,19841,12289,32130,26649,15109,41758,18459,17164,35623,11930,9244,21174,130738,24,26,50,19901,12304,32205,27270,15270,42540,18631,17599,36230,11965,9289,21254,1310,3439,4749.0,64037,58558,122595,19891,18577,38468,2098.0,329958.7323,157.2729896,1.2375,30.9876,396.22530699121614,KIKUUBE,-0.001715935555571386,-1.7065500870521189,0.009,4,True,-0.7237194859952636,0.016,False,True
LWENGO,Lwengo,"290,500",290500.0,LWENGO,LWENGO,LWENGO,LWENGO,LWENGO,LWENGO,South Central,Lwengo District,60,47,107,11757,8815,20572,15692,8036,23728,6291,5503,11794,6176,6169,12345,39,32,71,10610,8321,18931,11117,6585,17702,5263,4962,10225,5960,5188,11148,58077,39,33,72,10569,8309,18878,11045,6554,17599,5256,4948,10204,5928,5178,11106,207,622,829.0,33800,28570,62370,6236,6216,12452,988.0,298580.4256,302.2069085,0.4165,31.3999,194.5104066460276,LWENGO,0.2757022019541127,1.1576700156711082,0.089,3,False,-0.4889883671453804,0.106,False,False
AGAGO,Agago,"251,200",251200.0,AGAGO,AGAGO,AGAGO,AGAGO,AGAGO,AGAGO,Acholi,Agago District,46,66,112,66256,39123,105379,58935,20260,79195,31103,23984,55087,34995,32884,67879,44,64,108,65144,38505,103649,57225,19666,76891,34509,32382,66891,30715,23654,54369,301908,44,203,247,64246,38048,102294,56111,19373,75484,34253,31917,66170,30185,23291,53476,1379,2835,4214.0,156340,116317,272657,35041,32950,67991,3493.0,272582.3933,78.0367573,2.9251,0.0,1107.5843760302034,AGAGO,1.8365181845359508,2.1237104205532735,0.038,1,True,0.9390371935930345,0.032,True,False
APAC,Apac,"226,600",226600.0,APAC,APAC,APAC,APAC,APAC,APAC,Lango,Apac District,34,30,64,32019,16600,48619,33542,14560,48102,13488,10383,23871,14315,12910,27225,29,29,58,31234,16275,47509,31942,14152,46094,13985,12739,26724,13231,10153,23384,143769,28,27,55,30732,15950,46682,31334,13913,45247,13699,12491,26190,12978,9950,22928,1269,2532,3801.0,79083,54483,133566,14349,12940,27289,1783.0,206508.5175,115.8208175,1.8445,32.4014,696.1892019780735,APAC,0.15897006416145676,0.45579827632514713,0.28,1,False,0.1932796484746293,0.244,False,False
PALLISA,Pallisa,"353,400",353400.0,PALLISA,PALLISA,PALLISA,PALLISA,PALLISA,PALLISA,Bukedi,Pallisa District,3,2,5,5855,3523,9378,8459,3573,12032,3865,3128,6993,6137,5840,11977,1,2,3,5783,3472,9255,8294,3498,11792,5899,5631,11530,3814,3106,6920,39500,1,2,3,5612,3373,8985,8019,3370,11389,5806,5510,11316,3717,3005,6722,369,558,927.0,18182,16066,34248,6140,5842,11982,796.0,309460.347,388.7692802,1.2009,33.7071,127.64155531694016,PALLISA,0.14875383475202122,0.5634196978704751,0.319,3,False,-0.20205026764445294,0.311,False,False
LIRA,Lira,"478,500",478500.0,LIRA,LIRA,LIRA,LIRA,LIRA,LIRA,Lango,Lira District,22,15,37,14771,6780,21551,21581,7714,29295,7214,5225,12439,9892,8756,18648,23,15,38,13468,6307,19775,18314,6793,25107,9120,8136,17256,6921,4966,11887,74063,20,15,35,12556,6021,18577,17272,6374,23646,8720,7798,16518,6626,4706,11332,354,881,1235.0,43588,28490,72078,9914,8771,18685,1046.0,224605.4506,214.7279642,2.2316,32.9438,329.74711790008536,LIRA,-0.0823817645893195,-1.2194226938091788,0.12,2,False,0.4414194025205451,0.092,False,False
KOTIDO,Kotido,"206,500",206500.0,KOTIDO,KOTIDO,KOTIDO,KOTIDO,KOTIDO,KOTIDO,Karamoja,Kotido District,95,100,195,10108,5805,15913,17619,7828,25447,7716,5713,13429,27245,24519,51764,66,66,132,9606,5549,15155,15482,7024,22506,26164,23499,49663,7553,5519,13072,100528,59,59,118,9286,5368,14654,15128,6926,22054,24998,22341,47339,7200,5438,12638,423,1125,1548.0,35538,43965,79503,27340,24619,51959,3610.0,203356.3642,56.33140284,3.0352,0.0,494.3440073561268,KOTIDO,0.19671139523609418,1.8410116874507991,0.05,1,False,0.7035620218128212,0.054,False,False
KALUNGU,Kalungu,"194,100",194100.0,KALUNGU,KALUNGU,KALUNGU,KALUNGU,KALUNGU,KALUNGU,South Central,Kalungu District,20,8,28,6863,6113,12976,7872,4984,12856,3823,3828,7651,3234,3369,6603,14,8,22,6758,6007,12765,7660,4813,12473,3155,3278,6433,3779,3753,7532,39225,15,8,23,6385,5660,12045,7360,4622,11982,3040,3068,6108,3573,3525,7098,200,670,870.0,18578,18302,36880,3254,3377,6631,790.0,201322.4065,254.8384892,0.0953,31.7651,194.83673318796733,KALUNGU,-0.006578332152520433,0.02547073990477247,0.45,2,False,0.007369230895790614,0.422,False,False
NAPAK,Napak,"158,300",158300.0,NAPAK,NAPAK,NAPAK,NAPAK,NAPAK,NAPAK,Karamoja,Napak District,143,123,266,7995,4561,12556,11243,4296,15539,7906,6130,14036,21839,19448,41287,72,40,112,6960,3828,10788,9240,3388,12628,19169,17081,36250,7033,5385,12418,72196,123,94,217,7416,4055,11471,10094,3879,13973,20525,18296,38821,7347,5650,12997,353,803,1156.0,27287,34558,61845,21982,19571,41553,4822.0,180626.5701,37.45884905,2.4265,34.331,399.6975636531782,NAPAK,0.005950835268165306,1.1821638391552964,0.107,1,False,0.4873204856931769,0.097,False,False
NAMUTUMBA,Namutumba,"306,500",306500.0,NAMUTUMBA,NAMUTUMBA,NAMUTUMBA,NAMUTUMBA,NAMUTUMBA,NAMUTUMBA,Busoga,Namutumba District,19,20,39,8098,5403,13501,15929,8730,24659,6800,5513,12313,9838,8937,18775,18,20,38,7680,5096,12776,14650,7946,22596,9238,8426,17664,6189,5039,11228,64302,19,20,39,7572,5028,12600,14492,7862,22354,9281,8349,17630,6159,4994,11153,410,1166,1576.0,30846,28603,59449,9857,8957,18814,812.0,286341.2258,352.6369775,0.8493,33.6623,224.56424086454405,NAMUTUMBA,0.11736569300457322,0.6442922182991131,0.274,3,False,-0.2461781862562241,0.278,False,False
BUGIRI,Bugiri,"480,400",480400.0,BUGIRI,BUGIRI,BUGIRI,BUGIRI,BUGIRI,BUGIRI,Busoga,Bugiri District,37,29,66,7664,4412,12076,15464,7241,22705,5610,4482,10092,9415,8559,17974,37,29,66,7659,4397,12056,15385,7195,22580,9393,8534,17927,5591,4460,10051,62680,37,29,66,7633,4389,12022,15296,7165,22461,9321,8454,17775,5546,4445,9991,589,1667,2256.0,28775,24723,53498,9452,8588,18040,1033.0,438704.419,424.6896603,0.5316,0.0,142.8752419291222,BUGIRI,0.033507966089266185,0.16328787239596929,0.482,3,False,-0.05221457371021196,0.483,False,False
OTUKE,Otuke,"133,500",133500.0,OTUKE,OTUKE,OTUKE,OTUKE,OTUKE,OTUKE,Lango,Otuke District,5,14,19,8407,4530,12937,10232,3543,13775,4194,3409,7603,5235,4833,10068,2,2,4,8406,4530,12936,10232,3547,13779,5235,4833,10068,4194,3409,7603,44390,2,2,4,8406,4529,12935,10232,3545,13777,5234,4833,10067,4184,3409,7593,252,402,654.0,22838,16329,39167,5240,4847,10087,1549.0,135345.6394,87.37613907,2.5214,33.3486,327.97510283142526,OTUKE,-0.14864631987316232,-1.9032372669821698,0.047,2,True,0.7765550226488799,0.052,False,False
NEBBI,Nebbi,"282,600",282600.0,NEBBI,NEBBI,NEBBI,NEBBI,NEBBI,NEBBI,West Nile,Nebbi District,22,11,33,23765,13079,36844,31240,12355,43595,13397,11308,24705,21306,20937,42243,20,10,30,23238,13141,36379,31108,12176,43284,21259,20884,42143,13254,11231,24485,146321,20,9,29,23052,13018,36070,30906,12057,42963,21107,20722,41829,13121,11113,24234,1514,2979,4493.0,68424,57690,126114,21328,20948,42276,987.0,273483.9112,277.0860296,2.4104,31.2168,535.0259887609799,NEBBI,0.25270552294226606,1.094515614867598,0.109,1,False,0.6417363273896253,0.092,False,False
KAMPALA,Kampala,"1,680,600",1680600.0,KAMPALA,KAMPALA,KAMPALA,KAMPALA,KAMPALA,KAMPALA,Kampala,Kampala District,515,517,1032,23437,20420,43857,59809,51325,111134,17347,16115,33462,28036,18860,46896,218,210,428,15541,13792,29333,35843,33120,68963,12834,11998,24832,10997,10144,21141,144697,234,227,461,15065,13681,28746,35732,33809,69541,12835,12017,24852,10845,9949,20794,1220,3966,5186.0,101108,107237,208345,28551,19377,47928,195.0,1675282.464,8591.192123,0.3152,32.5816,86.37170334518586,KAMPALA,0.647334071346533,1.0810850341823437,0.083,3,False,-0.7476322008827886,0.076,False,False
PADER,Pader,"197,300",197300.0,PADER,PADER,PADER,PADER,PADER,PADER,Acholi,Pader District,22,20,42,55716,30917,86633,45450,16975,62425,24776,19237,44013,24930,23090,48020,19,97,116,54124,30080,84204,42651,15904,58555,24068,22320,46388,24003,18747,42750,232013,25,23,48,53669,29793,83462,43527,15703,59230,23916,22250,46166,23909,18598,42507,1403,2538,3941.0,125964,90239,216203,24952,23110,48062,3326.0,213044.9404,64.0544018,2.9431,32.8084,1089.0331380993455,PADER,2.605158133926055,3.6012324659008343,0.006,1,True,1.359254971579876,0.004,True,False
ABIM,Abim,"153,500",153500.0,ABIM,ABIM,ABIM,ABIM,ABIM,ABIM,Karamoja,Abim District,6,7,13,16161,9062,25223,16507,8054,24561,9159,7466,16625,16596,15192,31788,6,7,13,15941,8960,24901,16012,7903,23915,16378,14986,31364,9108,7364,16472,96665,6,7,13,15519,8695,24214,15792,7814,23606,16100,14701,30801,8892,7150,16042,666,1106,1772.0,41833,39781,81614,16602,15199,31801,2301.0,128376.1239,55.79144888,2.7067,33.6595,752.9826969639483,ABIM,0.5382338428074049,1.2078297884532232,0.099,1,False,0.5405668594795859,0.09,False,False
BUDUDA,Bududa,"271,100",271100.0,BUDUDA,BUDUDA,BUDUDA,BUDUDA,BUDUDA,BUDUDA,Bugisu,Bududa District,1,3,4,2118,1466,3584,5330,3570,8900,836,624,1460,1089,1021,2110,1,3,4,2047,1412,3459,5205,3508,8713,1067,1007,2074,805,594,1399,15649,1,3,4,2057,1413,3470,5196,3498,8694,1072,1004,2076,809,591,1400,130,319,449.0,8285,6684,14969,1090,1024,2114,318.0,61214.32643,192.4978819,1.003,34.3338,255.6427704533349,BUDUDA,0.1980960576727449,1.1765138030073694,0.087,3,False,-0.5033036280941829,0.099,False,False
MANAFWA,Manafwa,"175,200",175200.0,MANAFWA,MANAFWA,MANAFWA,MANAFWA,MANAFWA,MANAFWA,Bugisu,Manafwa District,8,8,16,9580,6076,15656,14563,8241,22804,5130,4330,9460,8036,6766,14802,8,7,15,8682,5634,14316,12928,6982,19910,7350,6217,13567,4651,3929,8580,56388,8,7,15,9040,5835,14875,13617,7729,21346,7532,6405,13937,4940,4172,9112,454,670,1124.0,29281,25421,54702,8044,6774,14818,237.0,170960.9327,721.3541462,0.0,0.0,329.8297401017864,MANAFWA,0.10859710432908616,1.2052164117623794,0.076,3,False,-0.5858162330362406,0.074,False,False
SIRONKO,Sironko,"274,300",274300.0,SIRONKO,SIRONKO,SIRONKO,SIRONKO,SIRONKO,SIRONKO,Bugisu,Sironko District,9,9,18,8466,5230,13696,19035,9616,28651,4219,3269,7488,5712,4811,10523,3,7,10,7559,4766,12325,15951,8198,24149,4838,4080,8918,3852,2975,6827,52229,9,9,18,7854,4979,12833,17315,8969,26284,5118,4303,9421,3989,3064,7053,362,1156,1518.0,31729,22935,54664,5721,4820,10541,383.0,274583.9034,716.9292517,1.2302,34.2491,190.2114412144379,SIRONKO,0.2577256994736232,1.0504784273414016,0.123,3,False,-0.44799953976506757,0.137,False,False
KATAKWI,Katakwi,"194,600",194600.0,KATAKWI,KATAKWI,KATAKWI,KATAKWI,KATAKWI,KATAKWI,Teso,Katakwi District,9,5,14,29301,19147,48448,29442,13849,43291,14776,11406,26182,15681,14581,30262,7,5,12,36172,15046,51218,28872,13762,42634,15593,14500,30093,14718,11658,26376,150333,7,5,12,28227,14549,42776,28520,13627,42147,15417,14352,29769,14578,11252,25830,2233,4200,6433.0,73528,58988,132516,15690,14586,30276,2306.0,204260.2064,88.57771312,1.9142,33.9583,735.9877023995801,KATAKWI,0.2589821261114071,0.7213502183799557,0.198,1,False,0.27635569369174184,0.178,False,False
KUMI,Kumi,"284,800",284800.0,KUMI,KUMI,KUMI,KUMI,KUMI,KUMI,Teso,Kumi District,37,38,75,27875,14442,42317,44195,19862,64057,15237,11458,26695,18959,17596,36555,26,32,58,27783,14378,42161,44104,19556,63660,18822,17463,36285,15181,11450,26631,168795,26,32,58,27213,14313,41526,43231,18990,62221,18448,17146,35594,14959,11223,26182,1244,2599,3843.0,87344,63396,150740,18996,17634,36630,1005.0,266855.2321,265.5275941,1.4877,33.9304,632.5339723402784,KUMI,0.014987868190678292,0.04745114971527024,0.417,1,False,0.027321428814685113,0.405,False,False
BULIISA,Buliisa,"149,300",149300.0,BULIISA,BULIISA,BULIISA,BULIISA,BULIISA,BULIISA,Bunyoro,Buliisa District,4,3,7,12271,6924,19195,13394,6622,20016,8251,6701,14952,12458,11517,23975,4,3,7,12186,6887,19073,13082,6351,19433,12355,11338,23693,8184,6655,14839,77045,4,1,5,11616,6699,18315,12802,6476,19278,11682,10782,22464,7839,6420,14259,798,1911,2709.0,33920,31767,65687,12462,11520,23982,1367.0,143383.711,104.8893277,1.8992,31.3542,537.3343977685163,BULIISA,0.033395647901604264,0.1387381290995576,0.371,1,False,0.0860303525081423,0.33,False,False
KAMWENGE,Kamwenge,"335,200",335200.0,KAMWENGE,KAMWENGE,KAMWENGE,KAMWENGE,KAMWENGE,KAMWENGE,Tooro,Kamwenge District,55,54,109,26475,18634,45109,35180,18654,53834,15983,12418,28401,19367,17437,36804,57,52,109,25241,17750,42991,33679,17718,51397,18497,16554,35051,15329,12248,27577,157125,57,104,161,24717,16306,41023,32482,17171,49653,17785,16048,33833,14922,11545,26467,1094,5325,6419.0,77693,67197,144890,19422,17491,36913,1695.0,308803.2075,182.1847832,0.2903,30.574,508.8191967695154,KAMWENGE,-0.12173478619390583,-1.00993473307019,0.125,4,False,-0.3763666864530544,0.148,False,False
LYANTONDE,Lyantonde,"110,500",110500.0,LYANTONDE,LYANTONDE,LYANTONDE,LYANTONDE,LYANTONDE,LYANTONDE,South Central,Lyantonde District,1,3,4,4770,4289,9059,7017,5013,12030,2876,2519,5395,2067,1971,4038,1,2,3,4705,4251,8956,6897,4933,11830,2031,1951,3982,2843,2495,5338,30109,1,1,2,4355,3980,8335,6448,4603,11051,1849,1814,3663,2639,2292,4931,100,249,349.0,14664,13795,28459,2068,1974,4042,887.0,115648.0618,130.3811294,0.2241,31.2168,260.3502344213087,LYANTONDE,0.19633855045764972,1.0642317755758905,0.115,3,False,-0.5160335519039428,0.121,False,False
SSEMBABULE,Ssembabule,"296,100",296100.0,SSEMBABULE,SSEMBABULE,SSEMBABULE,SSEMBABULE,SSEMBABULE,SEMBABULE,South Central,Sembabule District,22,19,41,8039,6576,14615,13132,9118,22250,4919,4397,9316,5315,4903,10218,21,24,45,7906,6478,14384,12855,8995,21850,5201,4815,10016,4820,4322,9142,55437,21,15,36,7867,6426,14293,12547,8677,21224,5125,4767,9892,4801,4302,9103,312,767,1079.0,26112,25013,51125,5337,4922,10259,2317.0,283386.681,122.3075878,0.0638,31.3542,195.62316691940794,SEMBABULE,0.1514204295112954,0.8105304156243909,0.207,3,False,-0.2719205859058521,0.228,False,False
BUTAMBALA,Butambala,"107,800",107800.0,BUTAMBALA,BUTAMBALA,BUTAMBALA,BUTAMBALA,BUTAMBALA,BUTAMBALA,South Central,Butambala District,2,1,3,7147,6926,14073,7498,5323,12821,4101,3985,8086,3586,3463,7049,2,1,3,6777,6412,13189,6554,7479,14033,3137,3180,6317,3929,3830,7759,41301,2,1,3,6504,6230,12734,6392,4736,11128,3078,3136,6214,3828,3717,7545,92,501,593.0,18748,19698,38446,3588,3464,7052,405.0,50232.4276,124.0306854,0.1742,32.1065,822.1979699822431,BUTAMBALA,-0.20665990958368563,-0.35368720320657987,0.395,4,False,-0.1627424785699939,0.442,False,False
KIRUHURA,Kiruhura,"185,700",185700.0,KIRUHURA,KIRUHURA,KIRUHURA,KIRUHURA,KIRUHURA,KIRUHURA,Ankole,Kiruhura District,0,0,0,3402,3158,6560,5863,4681,10544,1677,1612,3289,1572,1550,3122,0,0,0,3400,3155,6555,5863,4676,10539,1572,1549,3121,1676,1612,3288,23503,1,1,2,3400,3154,6554,5853,4667,10520,1571,1547,3118,1676,1612,3288,49,226,275.0,10942,11001,21943,1572,1550,3122,3003.0,180616.9259,60.14549647,0.322,30.8039,130.1262319845518,KIRUHURA,0.27355121012285405,0.989288581831253,0.132,3,False,-0.37015029085278267,0.155,False,False
BUHWEJU,Buhweju,"144,100",144100.0,BUHWEJU,BUHWEJU,BUHWEJU,BUHWEJU,BUHWEJU,BUHWEJU,Ankole,Buhweju District,1,0,1,652,668,1320,1052,884,1936,308,251,559,223,221,444,1,0,1,649,662,1311,1044,869,1913,223,221,444,307,250,557,4226,1,0,1,645,651,1296,1020,856,1876,222,222,444,304,250,554,7,21,28.0,2013,2024,4037,224,221,445,751.0,58583.41681,78.0072128,0.3558,30.3897,72.13645482143738,BUHWEJU,0.6575276845829461,1.6846021529928568,0.015,3,True,-0.7266484702962535,0.012,False,True
KAKUMIRO,Kakumiro,"473,400",473400.0,KIBAALE,KAKUMIRO,KAKUMIRO,KAKUMIRO,KAKUMIRO,KAKUMIRO,Bunyoro,Kakumiro District,10,9,19,10767,6852,17619,13591,6496,20087,5509,4631,10140,6382,5537,11919,10,9,19,10185,6515,16700,12300,5949,18249,6068,5212,11280,5300,4444,9744,55992,10,9,19,10473,6703,17176,12860,6134,18994,6194,5353,11547,5456,4585,10041,578,1487,2065.0,29877,23525,53402,6392,5546,11938,1701.0,367946.3179,216.3117683,1.0028,31.3084,152.17437239096773,KAKUMIRO,0.2986068052133324,1.0284343610672166,0.127,3,False,-0.43900679762558287,0.142,False,False
KABALE,Kabale,"248,700",248700.0,KABALE,KABALE,KABALE,KABALE,KABALE,KABALE,Kigezi,Kabale District,20,12,32,462,496,958,1632,2363,3995,172,149,321,212,231,443,1,3,4,298,373,671,1137,1915,3052,120,146,266,100,89,189,4182,1,1,2,285,350,635,1078,1802,2880,116,139,255,96,86,182,6,24,30.0,2286,3251,5537,232,243,475,561.0,262176.9302,467.3385565,1.3505,30.0203,15.951060212696014,KABALE,1.1672679693317205,1.5642041449667679,0.002,3,True,-1.0979638860674585,0.002,False,True
AMUDAT,Amudat,"134,900",134900.0,AMUDAT,AMUDAT,AMUDAT,AMUDAT,AMUDAT,AMUDAT,Karamoja,Amudat District,8,5,13,3393,2496,5889,5021,1883,6904,3100,2837,5937,4398,4221,8619,7,5,12,3315,2450,5765,4661,1814,6475,4306,4131,8437,3021,2798,5819,26508,117,5,122,3081,2275,5356,4305,1639,5944,3999,3791,7790,2826,2618,5444,109,351,460.0,11522,11442,22964,4406,4226,8632,1616.0,156566.9591,96.88549447,1.7916,34.9066,169.30775274921976,AMUDAT,0.19687577079356847,0.6558942383185132,0.243,3,False,-0.31243010059516585,0.295,False,False
MAYUGE,Mayuge,"565,100",565100.0,MAYUGE,MAYUGE,MAYUGE,MAYUGE,MAYUGE,MAYUGE,Busoga,Mayuge District,42,18,60,31694,16826,48520,59180,27771,86951,20290,15504,35794,29025,25738,54763,42,18,60,31330,16598,47928,57940,27249,85189,28651,25370,54021,20134,15332,35466,222664,41,16,57,31133,16499,47632,57528,27067,84595,28481,25240,53721,20027,15246,35273,2305,4802,7107.0,111206,85857,197063,29067,25756,54823,1075.0,533324.8616,496.1161503,0.3125,33.528,417.5016318046704,MAYUGE,0.019527151314523716,0.8576920063356994,0.174,1,False,0.31199548949783595,0.143,False,False
NWOYA,Nwoya,"236,000",236000.0,NWOYA,NWOYA,NWOYA,NWOYA,NWOYA,NWOYA,Acholi,Nwoya District,30,38,68,20537,11737,32274,22689,8819,31508,12403,9686,22089,15861,14750,30611,27,36,63,19755,11378,31133,21053,8226,29279,15350,14313,29663,12078,9429,21507,111645,25,33,58,19673,11335,31008,20833,8106,28939,15247,14204,29451,12019,9360,21379,1003,2037,3040.0,55659,45030,100689,15891,14788,30679,4679.0,180449.3616,38.56579644,2.6351,32.0028,618.7054307650153,NWOYA,0.3233961141609858,1.3561593001704215,0.093,1,False,0.516334268789437,0.08,False,False
OYAM,Oyam,"453,700",453700.0,OYAM,OYAM,OYAM,OYAM,OYAM,OYAM,Lango,Oyam District,111,101,212,47484,21277,68761,58336,22338,80674,21414,15366,36780,23436,21213,44649,110,99,209,46799,20762,67561,54394,21878,76272,23144,20977,44121,20971,15020,35991,224154,110,99,209,46516,20656,67172,54063,21872,75935,23016,21139,44155,20850,14940,35790,4581,8602,13183.0,127345,80295,207640,23547,21314,44861,2196.0,437457.3758,199.2064553,2.2776,32.4467,512.4019216502601,OYAM,0.15568128096797254,1.1492012271015628,0.114,1,False,0.47200517068607567,0.106,False,False
KOBOKO,Koboko,"258,000",258000.0,KOBOKO,KOBOKO,KOBOKO,KOBOKO,KOBOKO,KOBOKO,West Nile,Koboko District,19,19,38,27367,12712,40079,33204,10261,43465,17381,13005,30386,22578,20911,43489,18,18,36,26461,12286,38747,30921,9237,40158,21590,20145,41735,16650,12504,29154,149830,16,18,34,26115,12186,38301,30854,9289,40143,21514,20046,41560,16817,12443,29260,996,2366,3362.0,77971,56908,134879,22597,20930,43527,739.0,243497.9288,329.4965207,3.5237,31.0335,615.3235090679752,KOBOKO,0.45841514835485625,1.0145105223036803,0.115,1,False,0.7409926184532998,0.093,False,False
KIBUKU,Kibuku,"250,600",250600.0,KIBUKU,KIBUKU,KIBUKU,KIBUKU,KIBUKU,KIBUKU,Bukedi,Kibuku District,2,3,5,2219,1260,3479,3066,1089,4155,1705,1406,3111,2332,2150,4482,2,3,5,2188,1248,3436,2998,1067,4065,2314,2146,4460,1689,1397,3086,15052,2,3,5,2188,1248,3436,2998,1067,4065,2312,2146,4458,1689,1397,3086,121,229,350.0,6992,5908,12900,2334,2153,4487,484.0,229271.2657,473.7009621,1.0453,33.7993,65.65148909543443,KIBUKU,0.49142039963116296,1.3429991711740765,0.058,3,False,-0.5344238746950466,0.056,False,False
KWANIA,Kwania,"216,600",216600.0,APAC,APAC,APAC,KWANIA,KWANIA,KWANIA,Lango,Kwania District,35,30,65,22108,9718,31826,25261,10544,35805,10679,7720,18399,14525,13431,27956,34,29,63,23740,9588,33328,24391,10174,34565,14307,12344,26651,10454,7595,18049,112656,31,27,58,20469,8896,29365,23554,9625,33179,13175,11459,24634,9841,7108,16949,784,1607,2391.0,58083,41443,99526,14560,13461,28021,1223.0,202344.6754,165.4494484,1.9033,32.7633,556.752974978456,KWANIA,0.04966126093233228,0.22604718197378507,0.35,1,False,0.11204567940244392,0.311,False,False
NABILATUK,Nabilatuk,"89,700",89700.0,NAKAPIRIPIRIT,NAKAPIRIPIRIT,NAKAPIRIPIRIT,NABILATUK,NABILATUK,NABILATUK,Karamoja,Nabilatuk District,8,5,13,3402,1627,5029,5129,1684,6813,2804,1967,4771,9987,9362,19349,7,5,12,3377,1617,4994,5042,1593,6635,9933,9147,19080,2792,1959,4751,35472,7,5,12,3267,1581,4848,4910,1564,6474,9666,8954,18620,2736,1917,4653,169,543,712.0,11343,14645,25988,9995,9367,19362,1561.0,103673.6483,66.4148932,2.091,34.5971,342.15059064338914,NABILATUK,-0.059227243408554536,-0.7421206641521033,0.193,2,False,0.39137590909052494,0.152,False,False
BUGWERI,Bugweri,"191,600",191600.0,IGANGA,IGANGA,IGANGA,BUGWERI,BUGWERI,BUGWERI,Busoga,Bugweri District,23,13,36,15016,8082,23098,24551,10023,34574,11010,8433,19443,14619,12518,27137,23,13,36,14750,7969,22719,23947,9877,33824,14506,12391,26897,10670,8371,19041,102517,23,13,36,14318,7781,22099,23221,9600,32821,14043,12109,26152,10351,8035,18386,827,1244,2071.0,50600,39069,89669,14642,12531,27173,302.0,191457.8987,633.966552,0.6116,33.5952,535.454534370694,BUGWERI,-0.06930529187433311,-0.37654581475499277,0.391,4,False,-0.17171548182539312,0.433,False,False
MADI OKOLLO,Madi Okollo,"164,200",164200.0,ARUA,ARUA,ARUA,ARUA,MADI OKOLLO,MADI-OKOLLO,West Nile,Madi-Okollo District,19,22,41,27750,19415,47165,27913,10216,38129,16191,12844,29035,18405,18467,36872,17,20,37,27076,18939,46015,26959,9850,36809,18094,17974,36068,15924,12708,28632,147561,17,20,37,26694,18621,45315,26799,9811,36610,18019,17906,35925,15749,12583,28332,863,2801,3664.0,71873,60964,132837,18424,18489,36913,2048.0,161812.097,79.00981301,2.8218,31.2168,911.9281112832991,MADI-OKOLLO,2.497213806590546,4.556711140796334,0.002,1,True,1.7302401442860387,0.001,True,False
KARENGA,Karenga,"68,500",68500.0,KAABONG,KAABONG,KAABONG,KAABONG,KARENGA,KARENGA,Karamoja,Karenga District,1,1,2,5208,3032,8240,7388,3079,10467,2470,1839,4309,4977,5003,9980,1,1,2,4442,2547,6989,6037,2680,8717,4443,4310,8753,2188,1665,3853,28314,1,1,2,5006,2894,7900,7083,2991,10074,4764,4776,9540,2340,1733,4073,205,729,934.0,15067,12954,28021,4978,5004,9982,25702.0,76699.97985,2.98420278,3.5691,33.6931,369.1526393536595,KARENGA,-0.04806644146602146,-1.1006782153981158,0.102,2,False,0.6457692919308721,0.1,False,False
NAMISINDWA,Namisindwa,"231,500",231500.0,MANAFWA,MANAFWA,NAMISINDWA,NAMISINDWA,NAMISINDWA,NAMISINDWA,Bugisu,Namisindwa District,2,0,2,4940,2859,7799,10853,5721,16574,2522,1754,4276,3770,3367,7137,0,0,0,4294,2520,6814,8906,5015,13921,3257,2894,6151,2163,1578,3741,30627,0,0,0,3979,2382,6361,8414,4670,13084,3105,2780,5885,2016,1470,3486,456,517,973.0,18317,13701,32018,3772,3367,7139,298.0,234639.7804,787.3818133,0.9054,34.3754,130.52773893578023,NAMISINDWA,0.4026683983282374,0.963188575987203,0.138,3,False,-0.5430296315026254,0.141,False,False
BULAMBULI,Bulambuli,"230,600",230600.0,BULAMBULI,BULAMBULI,BULAMBULI,BULAMBULI,BULAMBULI,BULAMBULI,Bugisu,Bulambuli District,5,2,7,5887,3962,9849,10857,5951,16808,3100,2489,5589,3684,3541,7225,3,2,5,5241,3526,8767,9540,5299,14839,3273,3224,6497,2836,2253,5089,35197,3,2,5,5199,3561,8760,9317,5185,14502,3179,3189,6368,2799,2252,5051,329,700,1029.0,19849,15945,35794,3689,3543,7232,695.0,208835.8364,300.4832179,1.4815,34.2866,168.53908125511737,BULAMBULI,0.28848015442981023,1.0655787767354248,0.116,3,False,-0.45408188724267723,0.132,False,False
NGORA,Ngora,"165,800",165800.0,NGORA,NGORA,NGORA,NGORA,NGORA,NGORA,Teso,Ngora District,7,14,21,18068,9328,27396,23049,8046,31095,8820,6363,15183,8655,7441,16096,5,7,12,17897,9294,27191,22837,7747,30584,8369,7286,15655,8684,6239,14923,88365,4,6,10,16765,8531,25296,21182,7318,28500,7861,6853,14714,8136,5777,13913,1521,3020,4541.0,49944,31192,81136,8662,7455,16117,640.0,181464.9711,283.5390173,1.4908,33.7518,486.953484544985,NGORA,0.004465413548889749,0.009084076173627418,0.426,1,False,0.019131571609755284,0.414,False,False
KAPELEBYONG,Kapelebyong,"103,800",103800.0,AMURIA,AMURIA,AMURIA,KAPELEBYONG,KAPELEBYONG,KAPELEBYONG,Teso,Kapelebyong District,31,20,51,15259,7072,22331,14844,5052,19896,7750,5446,13196,7228,7059,14287,30,19,49,15120,7050,22170,14650,5020,19670,7112,6592,13704,7750,5443,13193,68786,30,19,49,14809,6908,21717,14359,4922,19281,7025,6482,13507,7618,5366,12984,495,1086,1581.0,37884,24649,62533,7259,7079,14338,1203.0,117798.1527,97.92032643,2.211,33.7518,583.9310585385775,KAPELEBYONG,0.15186906441493098,0.6868282269913197,0.208,1,False,0.288424236118826,0.185,False,False
MOYO,Moyo,"109,500",109500.0,MOYO,MOYO,MOYO,MOYO,MOYO,MOYO,West Nile,Moyo District,23,28,51,25142,19355,44497,21941,10320,32261,16269,13859,30128,16592,16581,33173,23,25,48,24192,18815,43007,19710,9666,29376,16132,16065,32197,15860,13543,29403,134031,23,33,56,23904,18650,42554,19465,9576,29041,15923,15848,31771,15682,13376,29058,355,844,1199.0,63375,60143,123518,16615,16609,33224,1072.0,103905.7438,96.92699978,3.636,31.7651,1289.9286901596677,MOYO,8.422489863658454,5.902311199770872,0.001,1,True,3.423464341086969,0.001,True,False
NTOROKO,Ntoroko,"76,000",76000.0,NTOROKO,NTOROKO,NTOROKO,NTOROKO,NTOROKO,NTOROKO,Tooro,Ntoroko District,11,0,11,970,665,1635,1349,918,2267,574,443,1017,512,548,1060,11,0,11,946,656,1602,1336,892,2228,502,536,1038,567,441,1008,5887,11,0,11,944,657,1601,1317,875,2192,498,534,1032,564,440,1004,50,85,135.0,2904,2574,5478,523,548,1071,1236.0,92584.78757,74.90678606,1.0125,30.3897,63.58495984612,NTOROKO,0.387636934785501,0.8721973103896878,0.169,3,False,-0.42049494820450983,0.17,False,False
BUNDIBUGYO,Bundibugyo,"263,800",263800.0,BUNDIBUGYO,BUNDIBUGYO,BUNDIBUGYO,BUNDIBUGYO,BUNDIBUGYO,BUNDIBUGYO,Tooro,Bundibugyo District,16,27,43,12840,7801,20641,24092,12405,36497,8566,6676,15242,10019,8935,18954,16,25,41,12599,7696,20295,23560,12274,35834,9830,8760,18590,8385,6536,14921,89681,16,24,40,12633,7702,20335,23855,12372,36227,9927,8795,18722,8436,6573,15009,593,1234,1827.0,45514,35844,81358,10035,8962,18997,850.0,247815.3567,291.5474784,0.6852,0.0,361.8863705390377,BUNDIBUGYO,0.07335508093884285,1.58016138262724,0.017,3,True,-0.7731456027936454,0.015,False,True
KIRYANDONGO,Kiryandongo,"313,800",313800.0,KIRYANDONGO,KIRYANDONGO,KIRYANDONGO,KIRYANDONGO,KIRYANDONGO,KIRYANDONGO,Bunyoro,Kiryandongo District,26,19,45,24250,18814,43064,145500,11664,157164,12379,10244,22623,16794,16040,32834,25,19,44,23580,18192,41772,22412,10973,33385,16433,15695,32128,12114,10052,22166,129495,23,16,39,22863,17114,39977,21632,10712,32344,15787,15026,30813,12006,9619,21625,1524,3148,4672.0,182155,56781,238936,16820,16059,32879,3582.0,321636.6907,89.79248763,2.018,32.0837,402.6126488186754,KIRYANDONGO,0.008442821442755327,0.8971017623345572,0.157,1,False,0.4124619958752675,0.143,False,False
MITYANA,Mityana,"362,500",362500.0,MITYANA,MITYANA,MITYANA,MITYANA,MITYANA,MITYANA,North Central,Mityana District,30,32,62,17133,14769,31902,28011,19051,47062,10228,9344,19572,10649,10329,20978,26,24,50,15935,13591,29526,25997,17539,43536,11293,9680,20973,9415,8678,18093,112178,31,24,55,16473,13899,30372,26627,17819,44446,10220,9801,20021,9761,8877,18638,484,2055,2539.0,55402,53525,108927,10679,10361,21040,1525.0,373992.6004,245.2410495,0.4016,32.044,299.94711093219803,MITYANA,0.011692501546405346,0.13616538450697396,0.491,3,False,-0.04523468283967001,0.497,False,False
KYOTERA,Kyotera,"261,000",261000.0,RAKAI,RAKAI,KYOTERA,KYOTERA,KYOTERA,KYOTERA,South Central,Kyotera District,21,13,34,18502,15969,34471,22928,14833,37761,10932,9804,20736,8884,8559,17443,21,13,34,18502,15969,34471,22928,14833,37761,8884,8559,17443,10932,9804,20736,110445,21,13,34,18502,15969,34471,22928,14833,37761,8884,8559,17443,10932,9804,20736,340,1042,1382.0,52383,49178,101561,8905,8572,17477,1723.0,260756.3978,151.3385942,0.6359,31.5456,423.55624226988766,KYOTERA,-0.04167513470641237,-1.2080881684996654,0.086,4,False,-0.5213720355046169,0.086,False,False
GOMBA,Gomba,"173,800",173800.0,GOMBA,GOMBA,GOMBA,GOMBA,GOMBA,GOMBA,South Central,Gomba District,0,1,1,5817,5033,10850,7317,5187,12504,3583,3194,6777,2782,2614,5396,0,1,1,5437,4691,10128,6793,4800,11593,2513,2364,4877,3303,2983,6286,32885,0,1,1,5377,4696,10073,6685,4676,11361,2535,2366,4901,3275,2957,6232,93,471,564.0,16717,16029,32746,2782,2615,5397,1670.0,45817.58721,27.43568096,0.223,31.6739,717.7374890841617,GOMBA,-0.20956906320540375,-0.6082442910481601,0.282,4,False,-0.2232788565530909,0.299,False,False
RAKAI,Rakai,"317,700",317700.0,RAKAI,RAKAI,RAKAI,RAKAI,RAKAI,RAKAI,South Central,Rakai District,4,1,5,20593,15703,36296,22016,12983,34999,10916,9323,20239,8376,7930,16306,4,1,5,20427,15643,36070,21748,12892,34640,8281,7854,16135,10838,9277,20115,106965,4,1,5,20166,15454,35620,21579,12761,34340,8238,7795,16033,10711,9181,19892,360,853,1213.0,53529,45940,99469,8380,7931,16311,1528.0,316915.772,207.4056099,0.7083,31.3542,337.51870197233353,RAKAI,0.07160406511072856,0.9132634955512624,0.162,3,False,-0.4377562430052009,0.163,False,False
BUSHENYI,Bushenyi,"248,300",248300.0,BUSHENYI,BUSHENYI,BUSHENYI,BUSHENYI,BUSHENYI,BUSHENYI,Ankole,Bushenyi District,0,2,2,4317,3932,8249,5546,4119,9665,1788,1573,3361,1247,1294,2541,0,2,2,4216,3822,8038,5008,3657,8665,1199,1246,2445,1735,1508,3243,22393,0,2,2,3973,3591,7564,4682,3399,8081,1121,1118,2239,1626,1412,3038,54,190,244.0,11651,10920,22571,1247,1296,2543,845.0,262692.3706,310.8785451,0.4875,30.1127,85.24419627739276,BUSHENYI,0.738004658456776,1.9431901985784308,0.003,3,True,-0.8484097758398664,0.001,False,True
ISINGIRO,Isingiro,"596,400",596400.0,ISINGIRO,ISINGIRO,ISINGIRO,ISINGIRO,ISINGIRO,ISINGIRO,Ankole,Isingiro District,71,57,128,34111,27631,61742,49805,33824,83629,18921,16470,35391,20879,19005,39884,80,55,135,33697,27397,61094,48593,32853,81446,20703,18726,39429,18801,16354,35155,217259,59,39,98,31627,25892,57519,46181,30102,76283,19640,17788,37428,17769,15450,33219,421,1695,2116.0,102908,96987,199895,20950,19062,40012,2536.0,570793.4366,225.0762763,0.8435,30.8039,380.62631079665084,ISINGIRO,0.03203682188087049,1.762502806212604,0.006,3,True,-0.7658862989084607,0.003,False,True
RWAMPARA,Rwampara,"144,600",144600.0,MBARARA,MBARARA,MBARARA,MBARARA,RWAMPARA,RWAMPARA,Ankole,Rwampara District,10,2,12,778,592,1370,2522,1661,4183,303,267,570,351,345,696,0,0,0,584,490,1074,1936,1355,3291,208,221,429,228,180,408,5202,0,0,0,552,466,1018,1813,1283,3096,182,204,386,219,167,386,2,15,17.0,3613,2867,6480,361,347,708,542.0,147832.5836,272.7538444,0.7476,30.482,35.18845354198355,RWAMPARA,0.7690245298108122,1.563022133361275,0.016,3,True,-0.7637126587037552,0.016,False,True
HOIMA,Hoima,"374,500",374500.0,HOIMA,HOIMA,HOIMA,HOIMA,HOIMA,HOIMA,Bunyoro,Hoima District,2,1,3,7069,4392,11461,7814,3916,11730,4507,3607,8114,5648,5214,10862,2,1,3,6892,4296,11188,7508,3655,11163,5476,5021,10497,4426,3548,7974,40825,2,1,3,6825,4274,11099,7515,3656,11171,5434,5016,10450,117379,3520,120899,515,1286,1801.0,19392,17130,36522,5650,5215,10865,1341.0,235276.2555,175.4483636,1.6343,31.171,173.5194225751353,HOIMA,0.0970116950490267,0.35922807254556244,0.408,3,False,-0.15914376841082845,0.414,False,False
KALAKI,Kalaki,"138,700",138700.0,KABERAMAIDO,KABERAMAIDO,KABERAMAIDO,KABERAMAIDO,KALAKI,KALAKI,Teso,Kalaki District,6,5,11,5715,2650,8365,5622,2475,8097,3237,2697,5934,2632,2457,5089,6,5,11,5705,2650,8355,5622,2485,8107,2632,2457,5089,3237,2697,5934,27496,5,5,10,5558,2573,8131,5405,2392,7797,2524,2350,4874,3129,2628,5757,318,518,836.0,14580,10284,24864,2638,2462,5100,658.0,132298.1315,201.0609902,0.0,0.0,207.83362310751912,KALAKI,0.09046845480916632,0.45200510544436523,0.351,3,False,-0.17428566453117383,0.345,False,False
OBONGI,Obongi,"49,100",49100.0,MOYO,MOYO,MOYO,MOYO,OBONGI,OBONGI,West Nile,Obongi District,15,23,38,27900,17780,45680,26519,9544,36063,14579,12838,27417,19878,19466,39344,6,10,16,22585,15203,37788,16026,5678,21704,15664,15268,30932,12771,11620,24391,114831,5,10,15,21970,14854,36824,15354,5433,20787,15276,14933,30209,12415,11291,23706,409,917,1326.0,69013,59651,128664,19893,19489,39382,837.0,88471.6827,105.7009351,3.4335,31.5827,1297.940725162674,OBONGI,7.2954408483576465,5.807170323963796,0.001,1,True,2.9432636701935024,0.001,True,False
KAZO,Kazo,"217,600",217600.0,KIRUHURA,KIRUHURA,KIRUHURA,KIRUHURA,KAZO,KAZO,Ankole,Kazo District,2,1,3,8566,6756,15322,11623,7364,18987,4323,3798,8121,3054,2561,5615,2,1,3,7943,6396,14339,10106,6620,16726,2851,2375,5226,4090,3612,7702,43996,4,1,5,7617,6036,13653,9746,6234,15980,2767,2288,5055,3932,3452,7384,138,341,479.0,24514,20480,44994,3056,2562,5618,1558.0,195525.2574,125.4975978,0.3576,32.5571,225.01440778054695,KAZO,0.07609502087568062,0.38472275699953606,0.378,3,False,-0.16127944923805698,0.377,False,False
ARUA,Terego,"233,700",233700.0,ARUA,ARUA,ARUA,ARUA,TEREGO,TEREGO,West Nile,Terego District,19,16,35,51247,31804,83051,56925,18635,75560,31344,24376,55720,36190,34894,71084,18,13,31,42149,26099,68248,45395,15017,60412,29788,28387,58175,25877,19063,44940,231806,17,15,32,46589,28860,75449,49620,16243,65863,40008,31893,71901,28828,21631,50459,1567,4516,6083.0,139535,109725,249260,36209,34910,71119,1200.0,266398.0692,221.998391,3.171,31.1252,870.1489492627298,TEREGO,-0.4216577048545695,-0.3233561968966169,0.45,4,False,-0.3054195877746194,0.452,False,False
ARUA,Arua,"517,300",517300.0,ARUA,ARUA,ARUA,ARUA,ARUA,ARUA,West Nile,Arua District,6,3,9,9532,5004,14536,8429,3784,12213,4701,3551,8252,4025,3898,7923,3,1,4,9509,4983,14492,8148,3663,11811,4004,3799,7803,4697,3546,8243,42353,3,1,4,8956,4755,13711,7582,3435,11017,4722,1846334,1851056,4493,3406,7899,319,565,884.0,22668,16240,38908,4031,3901,7932,800.0,148681.039,185.8512987,3.0018,30.9876,284.8581115982113,ARUA,-0.42165770485456955,-1.2949048671373764,0.079,2,False,1.3439558360558799,0.083,False,False
